A[C>A]A	A[C>A]C	A[C>A]G	A[C>A]T	C[C>A]A	C[C>A]C	C[C>A]G	C[C>A]T	G[C>A]A	G[C>A]C	G[C>A]G	G[C>A]T	T[C>A]A	T[C>A]C	T[C>A]G	T[C>A]T	A[C>G]A	A[C>G]C	A[C>G]G	A[C>G]T	C[C>G]A	C[C>G]C	C[C>G]G	C[C>G]T	G[C>G]A	G[C>G]C	G[C>G]G	G[C>G]T	T[C>G]A	T[C>G]C	T[C>G]G	T[C>G]T	A[C>T]A	A[C>T]C	A[C>T]G	A[C>T]T	C[C>T]A	C[C>T]C	C[C>T]G	C[C>T]T	G[C>T]A	G[C>T]C	G[C>T]G	G[C>T]T	T[C>T]A	T[C>T]C	T[C>T]G	T[C>T]T	A[T>A]A	A[T>A]C	A[T>A]G	A[T>A]T	C[T>A]A	C[T>A]C	C[T>A]G	C[T>A]T	G[T>A]A	G[T>A]C	G[T>A]G	G[T>A]T	T[T>A]A	T[T>A]C	T[T>A]G	T[T>A]T	A[T>C]A	A[T>C]C	A[T>C]G	A[T>C]T	C[T>C]A	C[T>C]C	C[T>C]G	C[T>C]T	G[T>C]A	G[T>C]C	G[T>C]G	G[T>C]T	T[T>C]A	T[T>C]C	T[T>C]G	T[T>C]T	A[T>G]A	A[T>G]C	A[T>G]G	A[T>G]T	C[T>G]A	C[T>G]C	C[T>G]G	C[T>G]T	G[T>G]A	G[T>G]C	G[T>G]G	G[T>G]T	T[T>G]A	T[T>G]C	T[T>G]G	T[T>G]T
0	2	0	3	4	1	2	2	6	0	0	4	4	2	1	4	2	0	0	1	0	0	0	2	0	0	2	1	2	1	0	3	2	1	23	0	5	4	27	4	1	2	25	3	2	3	19	4	0	0	0	0	0	0	0	0	0	0	2	0	0	0	0	0	0	0	1	1	0	1	1	1	0	2	0	2	1	1	0	0	0	0	0	0	1	1	0	0	0	0	0	0	0	0	0	0
0	0	0	0	0	0	0	0	0	0	0	0	0	0	0	0	0	0	0	0	0	0	0	0	0	0	0	0	0	0	0	0	0	0	0	0	0	0	0	0	0	0	0	0	0	0	0	0	0	0	0	0	0	0	0	0	0	0	0	0	0	0	0	0	0	0	0	0	0	0	0	0	0	0	0	0	0	0	0	0	0	0	0	0	0	0	0	0	0	0	0	0	0	0	0	0
0	6	1	2	2	1	2	3	2	2	0	1	3	2	1	3	1	0	0	1	0	0	1	1	0	1	0	0	0	0	0	1	1	3	21	1	2	0	14	6	1	5	12	5	2	3	12	1	0	2	0	0	0	0	0	0	0	0	0	0	1	1	0	0	0	2	2	1	1	0	3	1	0	0	0	1	0	0	0	1	1	0	0	0	0	0	1	1	0	0	0	0	0	1	0	1
1	3	0	0	0	3	1	3	1	3	1	1	1	3	1	5	0	0	0	1	0	0	0	2	0	2	0	0	0	1	0	1	4	1	21	6	2	8	23	8	4	0	33	4	2	2	13	5	0	0	0	0	0	1	0	0	0	0	0	2	0	0	0	0	2	0	2	1	0	2	0	1	0	1	1	0	0	0	0	0	0	0	0	1	0	0	0	0	0	0	1	0	0	1	0	1
3	1	0	1	2	2	1	2	6	3	0	4	2	3	0	8	0	3	2	2	2	3	1	2	0	2	1	3	1	0	1	10	1	3	21	2	4	4	23	2	4	2	31	3	3	3	10	1	0	2	2	1	0	0	1	5	1	0	0	0	0	1	0	0	0	1	1	2	1	1	2	2	0	0	0	3	2	3	0	2	0	1	0	2	1	2	2	9	0	0	0	2	1	0	1	3
2	2	0	0	0	1	0	1	1	0	0	1	3	2	0	7	0	1	0	1	0	0	2	0	0	0	1	0	1	0	0	0	1	2	15	3	2	4	22	1	2	1	21	3	2	2	6	1	0	0	0	1	0	0	1	0	0	0	0	0	2	0	0	0	1	0	1	1	0	1	0	2	0	1	0	0	1	0	0	0	0	0	0	0	0	0	1	1	0	0	0	0	0	1	1	0
3	1	0	4	13	31	14	73	2	12	4	17	1	5	2	5	1	2	0	5	1	1	0	1	2	4	0	1	0	2	0	0	34	29	357	13	13	15	297	9	62	114	486	85	7	17	153	6	3	2	1	5	3	1	4	2	0	2	0	2	2	2	2	3	28	36	69	11	33	40	113	27	59	40	52	37	13	19	12	7	0	5	2	3	2	9	18	12	1	5	2	6	1	0	2	3
0	0	0	2	0	1	1	0	0	0	1	1	1	1	1	2	0	1	0	0	0	0	1	0	0	0	1	0	0	0	0	0	0	3	16	1	1	3	14	1	2	4	20	0	1	2	9	1	1	1	0	0	1	0	2	2	0	1	0	0	0	1	0	0	1	2	0	0	0	0	1	0	1	0	0	3	2	1	0	2	0	1	0	0	2	2	1	1	0	0	1	0	1	0	0	0
0	2	0	1	2	0	0	1	0	1	2	1	2	0	2	4	0	2	0	1	3	0	1	1	0	1	0	0	0	1	0	6	5	1	27	3	2	4	21	3	5	2	26	4	5	2	13	3	0	0	1	1	1	1	0	1	0	0	1	0	0	0	0	0	1	0	0	3	0	1	1	1	1	3	0	3	1	0	0	1	0	1	0	0	0	1	0	3	0	0	0	0	0	1	1	1
1	1	1	0	3	1	3	0	2	1	0	0	1	2	2	2	2	0	0	0	1	3	1	0	0	1	1	0	0	0	0	2	0	1	12	0	1	0	10	0	1	2	17	2	0	3	6	1	1	0	0	0	0	0	0	0	0	0	0	0	1	1	0	0	1	0	0	2	0	2	1	0	0	1	0	0	1	1	0	1	0	0	0	0	0	0	1	0	0	0	0	0	1	1	0	2
4	2	0	1	23	27	16	66	4	6	2	15	3	7	2	10	0	2	0	2	0	1	0	1	2	6	0	2	0	0	0	0	21	19	65	11	11	22	68	15	43	55	99	60	6	9	59	5	3	1	0	5	0	4	5	3	2	1	2	1	1	4	0	2	22	21	40	3	17	19	66	24	24	14	42	22	6	13	23	4	2	2	3	2	2	11	17	17	0	1	1	6	0	0	5	2
1	2	1	1	3	3	0	2	5	2	1	4	2	2	0	3	0	0	0	0	1	0	0	4	0	1	0	1	6	1	0	6	3	2	21	1	1	3	21	1	1	1	26	1	6	5	12	2	0	0	0	0	0	0	1	0	0	0	0	0	1	0	0	0	1	0	2	0	0	0	2	2	2	0	1	2	0	0	1	0	0	1	2	0	0	0	1	0	0	0	0	1	0	0	1	2
3	2	0	1	2	1	0	0	1	0	0	0	0	1	0	2	0	1	0	0	0	1	1	0	0	0	1	0	1	0	0	1	0	1	25	1	1	3	19	1	3	0	24	3	4	2	10	4	0	0	0	1	0	0	0	1	0	0	0	0	0	0	1	1	1	3	1	5	1	2	2	0	1	3	0	0	0	2	1	1	0	0	0	1	0	0	0	1	0	0	0	0	0	0	1	0
1	3	1	0	1	1	0	2	7	3	1	2	2	1	1	3	2	1	0	0	1	1	1	0	0	1	0	3	1	2	0	1	3	2	27	2	5	3	24	6	1	4	23	4	1	2	21	3	0	1	0	1	0	1	0	1	1	0	0	0	0	0	0	1	0	0	0	1	2	2	3	1	0	0	0	1	0	1	0	1	1	0	0	0	0	0	0	2	0	0	0	0	1	0	1	2
2	3	0	2	1	1	1	4	3	2	1	1	0	4	4	1	1	0	0	0	3	1	0	0	0	1	1	1	0	1	0	2	3	2	5	2	3	2	8	4	1	0	9	5	3	2	6	0	0	0	0	0	1	1	2	0	0	0	1	0	1	0	0	1	0	0	1	0	0	3	3	1	1	0	2	1	2	3	2	1	0	0	0	1	0	1	1	0	0	0	2	1	1	1	0	0
2	0	1	1	3	0	0	0	4	1	0	2	4	3	0	1	0	0	0	0	1	0	0	0	0	1	0	2	0	0	0	0	1	3	7	2	2	3	5	1	0	1	11	2	3	2	0	2	0	0	0	2	0	1	1	0	0	0	1	0	2	1	0	0	1	0	0	2	1	3	0	0	2	1	0	0	0	0	1	0	0	0	0	0	0	0	1	0	0	1	0	1	0	0	0	1
1	2	0	0	1	1	1	2	2	2	4	7	2	3	1	2	0	1	0	1	1	0	0	3	0	1	0	1	0	1	0	1	1	1	25	2	6	1	24	1	1	2	21	2	1	3	10	1	0	0	0	3	1	0	2	0	0	0	2	0	2	1	2	1	2	3	1	2	0	4	2	2	1	2	0	1	0	0	0	0	0	0	0	0	0	0	2	2	0	0	1	0	0	1	0	3
1	1	0	1	0	1	0	0	1	3	0	3	0	0	0	0	0	0	0	0	0	0	0	1	1	2	1	0	0	0	0	1	3	0	5	0	0	2	2	0	2	2	6	3	2	2	8	4	0	0	0	0	0	0	1	1	0	0	0	0	0	0	0	0	0	0	2	0	0	0	1	0	0	4	1	1	0	0	2	0	0	0	0	0	0	0	0	0	0	1	0	0	1	0	0	1
1	2	0	1	0	0	0	0	3	1	1	1	1	1	1	2	0	1	1	1	1	0	0	0	0	1	0	0	1	0	0	2	2	2	3	3	6	1	10	2	1	1	12	2	8	0	4	0	0	0	1	0	0	0	1	1	0	1	0	1	0	0	0	0	1	0	1	2	0	0	1	2	1	0	0	1	1	0	1	2	0	0	0	0	0	0	0	1	0	0	0	0	0	1	0	0
1	0	0	1	1	1	1	0	0	2	2	2	2	1	0	1	1	0	0	0	0	1	0	0	0	1	0	0	1	0	0	2	0	0	5	0	0	0	11	0	1	0	9	3	2	3	5	0	0	0	0	1	0	1	0	2	0	0	0	0	0	0	0	0	0	0	0	0	0	0	0	0	0	1	0	0	0	0	2	0	0	0	0	0	0	0	0	0	0	0	0	0	0	0	0	0
5	3	0	10	27	58	31	134	8	13	6	20	8	9	6	19	2	1	3	5	0	1	1	2	2	4	2	3	2	1	1	3	46	33	279	29	24	41	321	39	106	164	421	122	25	25	140	18	0	6	0	12	0	4	5	5	3	5	5	3	2	9	1	3	15	16	38	4	18	13	54	17	22	20	31	16	16	14	26	15	1	0	2	0	0	7	10	15	0	0	4	3	1	3	0	2
2	0	0	2	0	1	1	1	1	2	1	2	3	2	1	1	2	1	1	1	1	1	0	0	0	1	0	2	3	0	0	2	1	2	2	3	6	4	2	2	5	4	3	0	15	5	7	6	0	1	3	4	0	1	1	4	0	0	2	1	0	0	0	1	0	2	0	0	0	0	0	1	1	2	0	3	0	3	0	2	0	0	0	0	0	0	1	0	1	0	1	1	1	1	1	1
0	4	2	3	0	1	1	3	1	2	3	2	0	2	3	2	1	0	0	2	0	2	0	0	0	1	0	1	0	2	1	1	2	2	20	2	6	6	22	1	4	11	24	1	4	6	10	6	0	1	2	1	1	1	3	2	1	0	0	1	1	1	1	1	1	2	3	1	2	4	0	3	2	3	0	1	0	4	3	4	1	0	2	1	1	1	1	3	0	1	2	1	1	0	1	0
1	6	0	4	12	26	15	68	10	13	5	26	9	8	4	16	3	1	2	3	0	0	2	1	2	7	3	2	1	1	0	2	25	17	135	14	12	16	123	12	46	81	209	50	7	8	42	3	1	3	2	4	0	7	2	1	0	6	3	2	3	0	2	1	13	15	32	10	12	15	64	19	27	27	35	15	6	11	12	10	0	1	2	5	1	9	12	19	0	5	6	9	1	2	3	5
3	3	1	3	2	1	0	3	2	3	2	2	0	3	2	2	1	0	1	0	0	0	0	2	1	0	1	1	2	2	2	5	4	4	32	0	5	8	19	6	5	3	22	3	10	6	16	5	1	0	2	0	1	2	0	1	0	1	0	0	1	0	1	1	3	0	3	2	1	3	2	3	1	0	2	3	0	1	0	0	0	0	0	1	0	0	1	6	1	0	1	1	0	3	0	2
4	2	0	0	3	1	0	3	7	0	1	6	4	2	0	2	1	0	2	0	0	0	1	0	1	2	0	0	1	2	2	5	2	2	23	3	3	2	18	2	4	3	34	1	3	6	10	6	2	0	0	1	0	1	1	3	0	1	2	0	1	0	0	1	1	2	4	5	3	1	0	1	2	2	1	3	1	3	0	1	2	0	0	0	1	0	0	2	0	0	1	1	1	1	0	1
4	2	0	0	3	0	1	3	6	2	2	4	4	3	0	7	0	0	0	1	1	1	0	2	2	1	0	0	0	1	0	3	4	0	31	5	3	5	40	7	5	6	28	4	4	2	15	3	0	1	0	1	0	0	2	3	0	0	0	1	2	0	1	1	2	1	4	0	1	1	3	3	1	1	1	1	1	1	0	2	0	0	0	0	0	0	1	0	0	0	0	1	1	2	1	3
0	1	2	0	0	3	0	0	3	0	0	1	4	3	0	1	0	1	0	0	1	2	0	2	1	0	1	1	0	1	1	0	4	1	29	1	1	3	22	3	0	2	30	2	1	0	13	2	0	0	0	1	1	0	0	0	0	0	0	0	0	1	0	0	0	1	1	1	1	1	1	1	2	0	0	1	2	0	0	0	0	1	1	1	0	0	1	1	0	1	0	0	1	0	0	0
3	0	1	2	4	0	0	2	4	3	2	6	2	3	1	2	0	0	0	3	0	1	0	1	0	0	0	0	1	0	0	1	1	3	23	1	2	6	17	2	1	1	13	4	6	0	16	7	1	0	0	0	0	0	0	1	0	0	1	0	0	1	0	0	0	0	0	1	0	1	0	0	1	0	0	2	0	0	0	1	1	0	1	0	0	1	1	0	0	0	0	1	0	0	2	0
3	1	1	5	4	2	1	2	5	6	2	9	5	7	0	10	0	1	0	0	0	0	0	0	1	0	0	0	0	0	0	1	1	1	9	5	7	3	16	4	1	6	22	1	4	3	8	3	0	1	1	0	1	0	2	1	1	0	1	2	0	0	0	1	2	2	1	1	0	1	4	1	1	0	1	1	0	0	1	0	0	0	0	1	1	0	0	1	0	1	0	1	0	0	1	0
3	0	0	1	2	2	3	1	1	2	2	3	1	3	0	3	2	0	1	0	2	0	0	2	0	0	1	2	1	1	0	4	1	1	23	1	2	4	24	1	1	3	22	4	2	2	12	4	0	1	0	0	0	1	1	0	0	0	0	0	1	0	0	0	3	3	0	2	1	1	2	2	0	1	1	0	0	2	1	1	0	0	0	0	0	0	1	0	0	0	1	0	1	1	0	1
1	8	1	4	12	47	15	81	11	6	4	16	1	11	1	22	3	2	1	2	0	0	1	0	0	5	1	4	0	1	0	2	45	16	205	14	14	17	185	19	90	94	304	68	10	13	89	11	1	6	1	8	1	1	1	4	1	5	3	3	3	0	0	2	15	10	22	4	4	13	26	5	13	14	7	6	7	10	15	12	0	1	0	2	0	4	4	5	2	1	2	1	0	0	1	4
2	0	0	0	1	1	0	0	0	0	1	0	1	0	1	3	0	0	0	1	0	1	0	0	0	0	0	0	0	1	0	0	0	0	12	0	1	0	6	2	1	2	9	0	1	0	3	0	0	1	0	0	0	1	0	0	0	0	0	0	0	0	0	0	1	1	0	2	0	1	1	1	0	0	1	3	1	1	1	1	1	0	0	0	0	1	0	0	0	0	0	0	0	0	0	2
6	3	1	6	17	36	19	96	15	18	3	24	10	8	1	23	2	3	0	2	2	1	1	1	1	6	0	3	0	1	0	1	32	21	225	22	19	23	217	20	49	129	341	60	10	21	102	9	1	7	2	8	1	9	4	5	0	10	3	1	2	2	2	5	19	21	52	10	25	28	66	17	93	54	89	50	18	23	30	14	0	5	3	4	4	13	13	18	1	3	3	8	0	2	3	2
1	0	1	0	0	4	2	4	4	2	0	0	2	1	0	7	0	0	0	0	0	0	0	0	0	0	0	1	0	1	0	1	0	1	26	0	1	0	16	1	0	1	19	2	2	1	15	2	0	0	0	0	0	0	0	0	0	0	1	0	0	1	0	0	2	2	0	0	0	0	2	3	0	1	1	2	0	1	0	1	0	0	1	0	0	1	1	2	0	0	1	0	0	0	0	1
1	1	0	0	1	1	2	1	2	0	0	1	0	2	0	0	1	0	0	1	0	0	0	0	0	1	1	0	0	0	0	1	1	1	10	0	2	2	16	1	1	1	5	4	4	5	7	1	0	0	1	1	0	0	0	0	1	0	0	0	0	0	1	2	0	3	0	2	0	1	0	1	0	0	0	0	0	1	0	1	0	0	0	0	1	1	0	0	0	1	0	0	0	0	0	1
1	3	0	0	1	1	0	0	4	3	0	1	1	1	0	5	1	4	0	1	0	0	0	1	0	0	0	0	1	0	0	1	3	1	22	2	8	3	18	2	3	2	19	4	2	4	15	3	0	1	0	2	0	1	0	1	0	0	0	0	2	0	0	1	0	2	1	0	0	1	0	3	2	1	1	2	0	1	0	1	0	0	0	0	1	0	1	1	0	0	1	0	1	0	0	0
0	0	0	3	0	1	1	0	1	2	1	1	2	2	0	1	0	0	0	1	0	0	0	2	0	0	0	2	1	1	0	0	2	4	22	1	5	8	18	7	2	6	18	2	2	2	10	3	0	0	0	0	0	2	0	0	0	1	1	0	0	0	0	1	0	0	0	1	0	0	3	2	0	3	3	0	3	1	0	2	0	0	0	2	0	0	1	1	0	0	0	1	1	0	0	1
3	0	0	1	0	1	1	1	2	0	0	0	2	1	0	0	0	1	0	0	0	0	0	0	0	0	1	0	0	0	0	1	3	0	13	0	1	3	17	0	2	4	11	1	2	3	5	2	1	1	0	0	0	0	0	1	2	0	0	1	0	0	0	1	5	0	2	3	0	1	0	1	0	2	0	1	2	1	0	5	1	0	0	0	0	0	0	2	0	0	0	0	1	0	0	3
0	0	1	1	0	0	2	0	2	1	0	0	0	2	0	1	0	0	0	0	1	0	0	2	0	0	0	0	1	0	0	2	1	2	7	1	2	3	15	5	0	4	22	5	3	1	6	2	0	0	1	0	0	0	0	1	0	0	0	1	0	2	0	3	1	0	1	1	1	1	1	1	1	1	2	1	1	2	0	0	0	0	1	0	0	0	0	0	0	0	1	0	0	0	1	2
2	2	0	1	1	0	0	3	2	0	0	0	0	1	0	3	0	0	0	2	3	0	0	2	0	0	0	0	1	0	0	1	3	1	32	1	3	0	18	3	3	4	27	3	5	5	11	4	0	1	0	2	0	0	0	0	0	0	2	1	0	0	0	1	0	0	1	1	0	1	1	4	1	0	1	1	0	1	0	0	0	0	0	0	0	0	0	1	0	0	0	2	0	1	1	0
4	2	0	5	2	3	2	1	2	1	1	2	4	1	0	1	2	0	0	2	1	0	0	0	1	0	0	0	3	0	0	2	1	0	3	0	0	1	11	4	6	2	11	2	4	1	9	1	0	2	1	0	0	0	3	0	0	0	1	0	2	1	0	1	0	0	0	0	1	2	1	1	2	0	1	0	1	0	0	1	0	0	0	1	0	0	0	2	1	0	1	1	1	1	1	0
3	1	2	0	0	0	0	1	5	1	2	1	0	0	0	1	1	1	0	0	1	0	0	2	0	1	1	0	1	3	0	3	4	1	10	2	4	1	10	0	2	0	14	1	7	1	3	1	1	1	2	0	0	0	1	1	0	1	1	0	0	0	0	1	2	1	0	1	0	0	1	1	0	1	2	0	2	0	0	1	0	0	1	1	1	1	1	0	0	0	0	1	1	0	0	1
2	0	0	2	1	5	0	0	2	0	0	2	2	0	0	1	0	0	0	0	0	1	0	0	0	0	0	2	1	0	1	3	2	1	12	1	0	1	15	4	2	5	12	4	1	2	4	3	0	2	0	0	0	0	0	1	0	1	0	0	0	0	1	0	0	1	2	0	1	3	0	3	1	0	0	0	2	1	0	1	0	0	0	0	0	0	0	1	0	0	0	0	0	1	0	0
0	1	0	1	18	28	7	47	10	8	5	14	2	6	1	10	1	0	1	3	1	0	0	0	0	4	0	0	4	0	0	0	21	21	222	17	6	15	209	14	42	84	222	48	7	14	96	7	1	1	0	2	1	2	1	1	0	3	2	0	5	2	0	1	10	7	14	5	8	11	23	12	26	19	18	13	9	11	7	11	1	3	1	0	1	5	12	7	0	1	2	1	0	0	0	2
0	1	0	0	1	0	1	1	4	0	0	1	1	0	0	3	0	0	0	0	1	0	0	0	0	0	1	1	0	1	1	2	1	1	64	1	3	2	48	2	1	4	55	2	5	1	25	4	0	1	0	0	0	0	1	0	1	0	0	0	1	0	1	0	0	1	0	1	1	3	1	3	0	2	0	2	3	0	1	2	0	0	1	0	0	0	0	2	0	0	0	0	0	0	1	2
0	2	1	3	17	20	15	83	9	2	4	17	4	10	2	7	1	2	2	4	1	1	1	2	1	3	2	0	0	1	0	3	23	19	146	12	14	14	150	12	36	65	216	46	5	12	48	7	5	3	0	4	2	6	2	0	0	3	3	0	5	1	0	3	18	21	46	12	18	19	66	14	31	17	30	16	9	10	17	7	2	4	1	4	0	8	7	14	1	2	3	12	1	3	3	2
1	3	0	1	11	36	17	77	1	3	1	11	1	10	2	14	1	3	0	3	0	0	0	1	1	7	1	1	0	0	0	1	51	24	452	29	13	17	464	28	87	121	505	86	16	21	163	9	1	5	0	6	1	3	2	2	0	3	2	1	1	0	0	1	12	8	30	5	9	14	45	16	15	11	22	6	8	10	10	6	0	0	0	1	1	3	11	4	1	0	0	1	0	0	1	1
0	3	0	1	1	0	1	1	9	0	2	3	5	4	0	6	2	1	0	1	1	0	1	0	0	2	0	0	1	1	0	4	2	4	20	3	6	3	14	0	4	2	17	1	5	7	14	3	1	1	0	0	0	1	1	2	0	1	0	0	4	3	1	5	0	0	3	1	2	1	0	3	1	2	2	1	2	0	0	1	2	0	2	1	0	2	0	2	1	0	0	0	0	0	1	1
2	0	0	0	4	11	4	17	1	0	1	7	2	1	0	0	1	0	0	0	0	0	0	0	0	0	0	1	0	0	0	1	14	4	61	8	5	7	47	8	23	25	76	16	6	6	24	3	0	0	0	1	0	2	0	0	0	0	1	2	0	0	0	1	3	3	12	0	1	4	10	4	6	3	10	0	5	4	11	3	0	1	0	0	0	2	2	1	0	1	0	0	0	0	1	0
2	0	0	3	1	1	2	2	7	0	3	6	3	5	2	6	0	1	0	0	1	2	0	1	1	2	0	2	1	0	0	1	4	4	31	2	5	4	29	4	2	2	29	7	4	4	15	2	0	0	0	2	0	0	0	0	0	1	0	1	0	0	0	1	1	0	0	2	0	0	2	1	0	2	2	1	1	3	0	0	0	0	1	0	1	1	2	0	0	0	0	3	1	0	0	1
0	1	0	0	2	0	0	0	1	1	0	0	2	1	0	5	0	2	0	0	0	0	0	1	0	2	1	0	0	1	0	0	1	1	12	1	1	1	10	1	0	0	8	1	1	1	10	0	0	0	0	0	0	1	0	0	1	0	0	0	0	0	1	0	1	0	0	1	0	0	1	1	1	1	1	0	0	0	0	0	0	1	0	0	0	0	0	1	0	0	0	0	0	0	0	0
1	1	0	0	0	2	3	0	3	0	1	0	2	4	0	1	1	1	1	2	2	0	0	2	0	0	0	2	0	0	0	2	3	1	21	1	0	3	19	1	0	5	18	1	2	2	11	0	0	1	0	2	0	0	1	1	0	0	0	0	2	1	0	0	0	0	1	1	1	0	2	1	0	2	0	0	0	1	0	1	0	0	0	0	0	0	0	0	0	0	0	0	0	0	1	1
1	1	1	1	1	1	0	0	1	0	0	0	0	1	1	0	0	0	0	0	1	0	1	0	0	0	0	1	1	0	0	0	4	0	1	0	1	2	7	2	2	2	4	3	1	1	2	3	0	1	0	0	1	0	0	7	0	0	1	0	0	0	0	0	0	0	2	2	0	1	1	0	1	0	0	3	0	0	0	0	0	0	0	0	0	0	0	4	2	0	0	0	1	0	0	1
1	0	0	1	2	0	1	2	4	0	1	1	3	1	0	6	0	1	0	1	0	0	1	2	0	1	0	1	3	3	0	1	4	1	16	2	3	0	7	5	2	2	9	1	4	2	9	5	0	0	1	1	2	0	0	2	1	2	0	2	0	0	0	1	3	1	0	1	0	2	0	2	1	0	0	0	1	2	0	1	1	0	0	1	1	0	0	1	1	0	0	0	0	0	0	1
3	8	0	6	22	47	14	105	10	24	6	32	3	13	6	19	3	4	1	3	1	0	0	3	2	8	1	6	5	3	1	7	45	28	280	19	14	31	239	26	105	161	492	109	22	34	134	23	3	14	2	8	2	9	6	9	2	11	4	5	3	2	2	1	22	25	69	20	17	20	72	26	66	32	49	24	21	22	15	19	3	3	2	7	2	6	8	17	1	3	0	11	1	4	3	10
0	0	0	2	2	1	0	0	0	2	0	0	2	2	1	2	0	1	0	3	0	0	0	1	0	0	0	0	3	3	0	0	2	3	5	0	1	1	3	0	3	0	4	0	0	4	1	1	0	0	1	0	0	0	3	1	0	0	0	1	0	0	0	0	0	1	0	0	1	1	0	2	1	4	0	1	1	2	1	3	0	0	0	1	0	1	1	0	0	1	1	0	0	2	0	0
0	3	0	1	1	1	1	0	3	3	0	1	3	2	0	4	1	1	0	0	0	0	0	0	0	0	0	1	1	1	0	1	1	1	11	0	5	2	2	1	0	2	8	4	2	5	5	2	0	0	0	0	1	0	0	1	0	0	1	0	0	0	1	1	4	1	0	1	0	1	1	0	0	2	0	2	0	0	0	0	0	0	1	0	0	0	0	0	1	0	0	0	0	0	0	0
0	1	0	1	3	2	1	0	1	2	1	1	1	3	1	4	0	0	0	0	0	1	0	0	0	1	0	0	0	3	0	1	2	1	18	1	1	2	25	0	0	2	22	5	2	2	15	3	0	0	0	2	1	0	0	0	0	2	0	0	0	0	0	0	0	1	0	1	1	2	1	3	0	0	0	1	0	1	1	0	0	0	0	0	0	0	0	3	0	0	0	0	0	0	1	1
5	2	1	2	1	1	0	1	5	2	0	3	4	1	1	3	0	1	1	1	2	1	0	1	0	2	0	2	2	0	2	1	3	5	35	3	1	2	34	3	4	3	41	1	2	3	25	2	0	0	0	2	1	1	0	0	0	0	0	1	1	2	0	0	2	3	1	2	1	1	2	1	0	1	1	1	1	4	0	0	0	0	0	1	0	3	1	2	1	0	2	0	1	0	2	1
2	1	1	2	1	0	1	2	8	4	1	0	2	1	1	3	0	1	0	0	0	0	1	0	0	1	2	2	0	2	0	0	3	2	32	2	2	7	32	1	1	3	35	0	3	0	19	0	0	0	1	0	0	0	0	0	0	2	0	0	1	0	0	1	2	2	0	1	0	1	0	2	4	1	0	0	5	1	2	1	0	1	2	1	0	0	0	3	0	0	0	1	0	0	0	1
0	0	0	0	0	0	0	0	2	1	1	2	1	1	0	0	0	0	0	1	0	0	0	2	0	0	0	1	1	1	0	1	1	0	4	2	3	0	7	3	0	0	7	1	2	1	3	0	0	0	0	1	0	0	0	0	0	0	0	1	0	0	0	0	0	0	1	2	0	0	2	1	0	1	0	2	0	1	1	1	0	0	0	1	0	0	1	1	1	1	1	0	0	0	0	1
2	10	0	30	5	5	5	21	3	11	1	23	241	23	16	1182	1	2	0	0	0	0	1	0	1	3	0	1	1	1	1	3	7	22	96	18	2	13	41	7	20	150	308	144	28	92	1249	226	3	6	0	8	0	1	3	1	1	3	0	2	2	1	1	8	15	13	6	16	5	7	4	7	42	67	12	67	8	16	11	13	2	15	4	61	7	1	6	33	6	12	5	16	44	29	13	321
0	2	0	1	0	1	0	0	1	4	1	0	2	2	1	2	0	2	0	3	0	0	0	0	0	1	0	1	4	2	1	7	2	6	9	0	1	3	21	0	2	2	10	4	3	1	16	3	0	2	0	0	0	0	2	4	2	1	0	0	5	1	0	2	1	2	0	1	0	0	0	0	2	1	1	0	0	2	2	0	2	1	0	1	0	1	1	5	0	0	0	2	2	0	0	6
0	4	0	1	3	0	0	1	0	1	0	3	1	2	0	2	1	0	0	0	1	1	0	0	0	0	0	1	0	0	0	1	1	0	17	1	2	1	17	2	2	1	13	0	0	3	8	2	0	1	0	0	0	0	0	1	0	0	0	0	0	1	0	1	2	0	0	0	0	2	1	0	2	0	1	0	1	2	1	1	1	0	0	0	1	0	0	0	0	0	0	0	0	1	0	0
0	1	0	2	1	0	0	1	1	0	1	1	4	1	0	0	0	0	1	0	1	0	0	0	0	1	0	0	2	0	0	0	1	1	12	1	0	2	13	2	1	4	20	0	2	1	10	1	0	0	0	0	0	0	0	0	0	0	0	0	0	0	0	0	0	0	1	0	3	1	0	3	0	0	0	6	2	1	0	0	0	0	0	0	0	0	1	1	0	0	0	1	0	0	0	1
1	0	0	0	2	1	0	0	5	0	1	2	6	1	2	3	1	0	0	0	1	0	0	0	1	1	0	1	1	1	1	1	0	6	25	2	1	8	17	1	0	5	34	3	2	3	14	1	0	0	1	0	0	0	0	1	0	1	1	0	0	0	0	0	2	1	1	1	0	1	0	1	0	2	2	1	0	1	0	1	0	0	1	0	0	1	1	0	1	0	0	0	0	1	0	0
2	0	0	2	0	2	0	0	3	1	1	0	1	0	5	3	1	0	0	0	0	0	0	1	1	0	0	1	0	1	0	2	0	1	22	0	2	3	16	1	3	0	11	0	2	2	7	1	0	1	0	1	0	0	0	0	0	0	0	0	0	0	0	2	1	1	0	1	0	1	2	1	0	1	0	0	0	0	1	3	0	0	0	0	0	0	0	0	0	0	0	0	0	0	0	1
2	5	0	13	41	44	23	176	7	14	5	42	3	7	5	26	1	3	1	11	0	2	0	1	0	9	1	2	1	0	1	5	42	40	153	22	15	25	151	31	88	171	266	89	14	23	56	10	0	5	2	11	2	6	4	5	3	7	8	5	1	2	2	1	37	24	76	18	31	42	73	31	91	45	95	49	15	21	30	19	2	7	2	7	3	14	22	32	0	5	5	24	0	2	2	13
1	3	0	0	2	0	1	4	7	1	0	4	1	1	2	5	0	0	0	0	0	2	0	0	0	0	0	1	2	1	0	1	2	3	23	1	2	6	38	3	4	0	26	5	3	6	18	2	0	0	3	1	0	0	1	1	0	1	2	0	1	0	0	1	1	1	1	1	0	3	0	1	2	2	3	5	1	5	2	1	0	0	1	0	1	1	0	2	1	0	0	0	0	0	0	1
4	3	0	2	0	1	0	2	0	3	1	3	3	6	2	4	4	2	0	6	1	0	1	1	0	4	1	5	2	2	3	5	2	1	15	0	3	4	16	5	6	3	22	2	3	4	8	1	0	0	1	0	1	2	3	4	0	1	2	2	1	2	1	2	2	2	3	2	0	4	3	3	2	0	2	1	1	1	2	1	1	0	3	2	0	0	1	16	0	0	1	5	2	2	3	4
2	2	1	0	0	3	0	0	2	1	1	1	1	1	1	1	2	4	0	3	0	0	1	0	1	1	0	1	1	0	1	3	3	4	7	1	3	2	7	1	1	3	19	2	5	3	3	2	1	2	1	1	0	0	2	0	0	0	2	0	1	0	0	1	0	0	0	3	1	1	2	1	2	2	0	1	0	1	0	0	1	1	0	0	0	0	0	1	1	1	0	0	1	1	1	2
5	6	0	4	17	38	23	93	6	10	4	35	16	10	1	15	5	2	1	2	0	0	1	2	2	9	2	4	0	1	1	3	41	34	182	25	18	28	144	25	73	120	388	92	14	23	77	16	0	10	1	15	1	3	3	5	1	9	1	6	5	1	1	6	24	18	46	13	17	16	47	30	48	38	38	33	19	19	16	10	1	1	2	3	1	14	12	20	0	4	2	10	2	0	3	3
0	0	0	0	1	1	1	2	1	2	0	0	2	1	0	2	1	1	0	3	0	0	1	1	0	0	0	0	0	0	0	2	1	3	16	0	1	1	9	0	1	1	16	0	1	1	5	2	1	0	0	0	0	0	0	0	0	1	0	0	1	0	0	1	2	0	0	0	1	0	1	0	1	2	0	0	0	0	0	1	0	0	1	0	0	0	0	1	0	0	1	1	0	1	0	2
0	1	1	0	0	0	0	0	2	1	0	1	7	1	2	1	0	0	0	0	1	0	0	1	0	1	0	0	0	0	1	1	3	3	21	0	3	2	16	4	2	2	20	0	2	4	8	5	1	0	0	0	1	1	0	0	0	0	0	0	2	1	0	0	0	1	0	3	0	1	0	0	1	0	0	0	2	0	0	0	0	0	0	1	0	0	0	0	0	0	1	0	0	1	0	0
1	1	0	0	0	0	0	0	0	0	0	0	2	2	0	2	1	0	0	1	0	1	0	0	0	2	0	0	0	1	0	0	1	1	12	0	0	2	9	2	0	1	12	2	2	4	11	2	0	0	0	2	0	1	1	0	1	0	0	1	0	1	0	1	0	0	0	0	0	1	0	0	1	0	2	0	0	1	0	1	0	0	0	0	0	0	0	1	2	0	0	1	0	1	0	0
0	2	0	1	4	2	1	0	2	1	1	0	1	4	0	0	0	1	0	0	1	0	1	1	1	1	0	1	0	2	0	2	1	0	15	2	0	0	13	2	1	1	12	3	5	1	2	0	0	0	0	0	0	1	2	0	0	0	2	0	0	0	0	2	2	1	2	0	0	1	0	0	0	0	1	0	0	0	0	0	1	0	0	0	1	1	1	0	0	0	1	0	0	1	0	0
1	3	0	2	0	2	2	1	2	2	1	1	1	2	0	3	1	1	0	0	0	1	0	0	0	0	0	1	0	4	0	2	3	1	24	1	3	2	14	4	1	3	22	0	1	4	21	1	1	0	0	1	0	1	0	0	0	0	0	0	1	0	0	1	1	0	1	2	1	0	2	2	0	0	1	3	0	2	2	0	0	0	0	1	0	0	0	0	0	1	0	0	0	1	1	0
2	0	0	1	1	1	0	0	2	2	1	0	4	1	0	1	0	1	0	3	0	1	0	1	2	0	0	1	1	1	0	1	1	1	28	1	0	2	16	1	1	3	20	3	3	2	9	2	2	0	1	1	0	0	0	1	1	0	1	0	0	0	1	0	1	0	1	2	1	1	0	2	1	0	3	1	0	0	0	1	1	0	0	0	0	1	0	2	0	0	0	1	1	1	0	1
1	5	0	0	1	1	1	1	4	3	1	1	4	2	1	0	0	0	0	0	0	1	0	3	2	3	1	0	1	4	0	4	5	2	23	1	2	4	19	5	1	5	18	3	10	3	14	7	0	4	2	2	0	3	1	4	1	0	2	0	0	0	2	0	1	1	2	1	3	2	2	2	2	7	1	2	0	1	1	3	0	0	1	1	0	1	1	1	0	0	1	3	1	1	1	4
2	4	0	1	1	2	1	3	1	0	0	2	0	1	1	2	0	2	0	0	0	1	1	1	1	1	0	1	1	1	2	4	2	0	20	1	1	4	12	3	1	3	12	0	3	4	9	3	0	0	0	0	0	1	0	0	0	0	0	0	0	0	1	0	2	0	1	2	0	0	0	1	1	1	0	0	0	0	0	0	0	1	0	0	0	0	1	0	0	0	1	0	0	0	0	1
4	1	3	1	1	3	0	0	1	0	0	1	1	2	0	5	0	0	0	1	0	0	0	0	0	0	0	0	1	0	0	0	3	2	11	1	1	2	11	1	2	0	7	3	2	2	5	5	0	1	0	0	0	1	1	0	0	2	0	0	0	0	0	0	1	1	0	0	2	1	0	1	2	0	1	1	0	1	0	1	0	1	1	0	0	0	1	2	0	0	1	0	1	0	0	1
1	1	1	1	0	1	0	0	2	0	0	4	2	0	2	1	0	1	2	1	0	0	0	0	1	1	0	0	0	4	0	0	1	0	10	2	2	1	10	3	1	1	10	3	0	2	9	1	0	0	0	0	0	0	0	0	0	0	1	0	0	0	0	1	1	1	1	1	1	0	0	0	0	0	1	1	0	0	0	0	0	0	0	0	0	0	1	0	0	0	1	1	0	0	0	0
2	7	0	0	8	2	2	3	6	5	2	0	3	2	0	2	0	2	1	0	0	0	2	1	2	3	1	1	3	4	0	5	4	5	28	4	4	11	13	3	4	1	12	2	9	4	5	5	1	2	1	3	2	2	0	4	0	1	1	3	2	0	1	3	1	2	1	4	1	2	4	3	2	0	3	2	2	2	1	0	0	0	3	0	1	0	1	1	0	0	2	1	0	2	2	1
3	0	1	0	2	0	0	3	4	2	1	1	5	4	0	5	0	2	0	1	1	0	0	2	2	0	0	1	2	1	0	2	1	1	33	0	4	4	31	2	2	3	30	3	5	7	13	4	0	0	0	0	2	2	1	0	0	0	0	1	1	1	1	0	1	0	0	4	1	1	1	0	2	0	3	1	0	3	2	2	0	0	0	3	0	0	0	0	0	0	1	0	0	1	0	0
1	1	0	0	4	0	0	1	2	2	0	1	2	0	0	5	0	2	0	1	0	0	0	0	1	0	0	0	3	1	0	0	2	2	16	0	2	2	14	4	1	2	16	2	1	3	6	4	0	1	0	0	0	1	1	1	0	1	1	0	0	0	0	1	0	1	2	2	4	0	2	0	0	1	0	1	1	0	1	2	0	0	0	1	0	0	0	0	1	2	1	0	1	0	1	0
4	4	7	2	8	10	3	4	4	8	5	4	3	8	1	3	0	1	1	4	0	1	0	1	0	2	1	1	5	3	1	6	3	1	34	2	3	0	11	2	5	3	24	3	7	8	13	6	0	3	2	0	0	1	0	3	0	0	0	0	1	1	2	3	1	1	1	2	1	2	1	5	1	1	3	2	2	2	1	1	0	0	0	1	0	1	1	4	1	0	0	1	2	1	0	1
0	0	1	1	1	0	0	2	1	0	0	5	9	8	1	9	2	0	0	0	2	0	1	1	0	0	0	2	18	6	0	15	1	0	17	1	3	0	2	1	1	2	14	6	15	10	8	16	0	0	0	0	0	0	0	0	0	0	0	0	1	0	1	0	3	0	1	1	0	2	0	0	0	2	1	3	0	0	0	0	0	0	0	0	1	2	1	0	1	0	0	0	1	0	1	0
3	3	0	1	18	16	8	51	3	11	6	18	4	6	2	11	2	1	0	2	0	0	3	0	0	3	3	1	0	0	0	4	13	18	135	7	13	19	114	15	37	67	289	35	14	19	57	8	1	8	1	3	2	2	6	2	0	2	3	0	2	1	0	1	9	12	21	2	6	10	19	6	12	9	24	5	6	8	8	4	0	2	0	4	0	3	5	12	3	0	6	4	0	0	0	0
1	5	1	3	15	29	19	119	12	29	8	47	5	8	1	36	5	3	1	6	3	1	2	3	3	4	3	5	2	3	1	7	32	40	158	31	12	29	129	31	76	182	409	123	27	46	99	36	12	29	5	14	2	8	9	17	5	29	10	6	14	10	5	4	20	37	54	14	23	25	66	40	85	82	79	46	15	22	25	11	1	6	7	5	2	10	10	43	1	5	6	22	2	4	5	8
6	4	0	8	16	28	7	72	2	7	3	12	1	8	1	15	1	5	0	3	2	1	0	0	1	6	1	3	1	1	0	7	30	24	70	18	15	18	47	9	73	124	123	53	10	20	30	10	7	11	6	18	8	12	14	7	5	8	6	3	9	3	7	9	29	32	44	18	26	22	73	61	65	32	58	38	14	21	26	21	3	3	3	4	1	9	13	11	0	5	1	6	0	2	2	10
1	0	2	1	3	3	0	2	3	2	1	2	2	6	0	2	0	0	1	1	1	2	0	0	0	1	2	3	0	0	2	2	2	1	15	3	3	5	15	2	3	4	21	3	4	3	14	1	1	2	2	0	1	0	1	0	1	0	0	2	2	1	1	1	2	1	0	2	0	1	2	2	2	1	5	3	0	0	0	1	0	0	0	0	0	0	1	1	0	1	2	0	1	0	0	0
2	0	1	0	3	1	0	2	5	0	0	5	3	2	1	8	0	0	0	0	0	1	0	1	1	0	0	1	2	2	0	3	0	1	24	3	3	0	18	1	4	1	24	5	4	2	7	4	0	0	0	2	0	1	0	1	0	2	0	0	0	0	0	1	1	2	0	4	0	2	2	1	0	1	0	0	1	0	1	0	0	0	0	0	0	0	1	0	1	0	0	0	0	0	2	0
3	2	0	0	9	14	6	39	7	6	2	14	3	5	0	7	0	3	1	1	0	0	1	2	0	2	1	1	1	2	0	3	17	8	126	11	8	4	123	7	31	56	139	25	6	8	67	4	1	2	2	10	1	2	1	7	7	3	6	2	2	0	5	5	27	11	35	15	13	10	48	24	36	13	43	18	7	8	13	13	1	4	1	2	0	4	8	10	0	2	3	5	1	2	1	5
6	1	1	2	7	1	1	3	5	0	0	10	3	0	0	6	1	0	0	0	1	0	0	1	2	0	0	1	0	0	0	3	2	2	22	2	3	1	20	1	3	3	21	0	5	2	17	4	0	2	1	0	0	1	1	5	0	0	1	2	0	1	2	1	0	1	2	0	1	2	0	2	1	0	0	2	2	1	2	1	0	0	1	0	0	2	0	2	0	0	1	2	0	0	0	2
4	2	4	2	4	9	3	3	5	6	1	3	4	7	2	4	4	1	0	3	1	0	0	6	0	2	0	1	6	7	3	3	7	3	13	4	6	2	10	3	6	10	6	6	18	8	5	10	1	2	3	0	1	4	5	2	1	2	4	0	0	4	2	4	2	1	0	4	0	1	3	2	2	1	2	2	1	0	1	3	0	1	1	0	1	1	3	2	2	0	2	1	0	0	0	3
3	3	0	3	9	18	7	35	13	9	3	13	1	7	3	14	1	3	1	4	2	3	0	4	1	3	3	2	2	4	1	3	15	8	123	9	13	6	122	12	43	61	239	46	7	14	48	9	1	11	1	6	0	2	3	3	0	6	3	3	1	3	2	1	5	3	10	6	3	7	17	6	13	14	14	10	1	7	8	5	0	3	1	2	2	0	2	7	2	2	2	2	1	1	1	2
1	2	1	1	2	2	0	0	2	1	1	2	2	2	1	4	2	2	0	0	2	2	0	1	0	1	0	1	0	1	0	3	3	0	13	1	2	0	16	3	4	2	24	1	3	5	14	4	0	0	0	1	0	0	3	1	0	0	0	1	1	1	0	0	2	1	0	1	1	2	1	1	0	1	3	2	1	1	1	1	0	2	0	1	0	0	0	4	0	0	0	0	0	1	1	1
1	1	0	1	7	17	1	29	4	7	1	9	0	2	0	5	2	0	0	1	0	1	0	0	0	1	0	1	1	0	0	0	22	5	12	9	6	7	28	5	26	46	46	23	1	5	12	6	0	0	1	3	1	1	2	2	0	2	1	0	1	0	0	0	4	3	8	2	2	4	18	2	6	4	4	4	2	4	5	0	0	2	0	1	0	1	3	5	0	0	0	3	0	0	2	3
3	1	1	2	1	2	2	1	3	2	1	3	2	2	1	6	0	0	0	0	0	1	0	0	1	2	1	3	3	0	0	2	5	2	21	3	7	1	21	2	1	4	29	3	0	6	19	4	0	0	1	1	0	3	2	1	1	1	1	0	1	0	0	0	2	0	0	3	0	2	1	1	2	1	0	1	0	1	1	1	0	0	1	0	0	0	0	1	1	0	0	0	0	1	0	0
2	2	0	1	2	0	0	0	2	1	3	1	1	0	0	2	0	0	0	0	0	0	0	0	0	1	0	0	1	1	0	3	1	1	17	0	1	2	8	0	1	2	16	0	1	3	5	1	1	0	0	2	2	2	3	1	0	1	0	0	0	2	0	0	1	0	0	2	0	0	3	3	0	2	0	0	1	2	0	1	0	0	1	1	0	0	1	2	0	1	0	0	1	1	0	1
1	1	0	0	1	1	0	1	5	2	1	4	2	1	0	1	0	1	0	0	0	2	0	0	1	0	0	0	0	1	0	1	2	0	17	1	1	2	21	3	2	4	10	0	4	7	11	5	1	0	1	3	0	2	4	2	0	0	1	0	0	1	1	0	0	0	0	1	0	3	1	1	1	2	1	0	1	2	1	0	0	1	0	1	0	0	0	1	0	1	1	2	0	1	0	1
5	11	0	5	2	5	0	5	0	3	2	3	1	4	0	1	1	2	0	1	0	3	0	1	0	1	0	1	1	1	0	0	5	2	17	3	4	2	12	1	3	7	4	2	6	0	8	2	0	1	0	1	0	0	3	3	0	1	1	0	0	0	1	1	0	0	1	0	0	3	1	1	0	1	0	1	0	0	1	1	0	0	0	1	0	0	0	1	0	0	1	0	0	1	0	1
4	0	1	3	10	23	7	57	8	9	5	19	2	11	2	20	1	1	0	4	0	1	1	2	0	0	1	3	3	2	0	0	18	9	45	7	12	13	49	10	34	53	67	34	6	11	18	9	0	5	1	2	1	3	4	0	0	1	0	2	2	0	0	1	14	10	26	1	6	10	33	4	17	20	25	9	3	16	11	6	0	1	1	2	0	5	6	12	1	0	5	2	0	0	1	1
0	0	0	1	0	1	0	0	6	1	1	2	0	2	0	1	1	1	0	0	0	0	1	0	0	0	0	1	1	1	0	2	0	2	20	3	2	2	13	4	2	1	14	2	4	2	7	3	0	1	1	2	2	0	3	0	0	1	0	0	1	1	1	1	2	0	0	2	0	0	0	3	1	3	1	1	1	0	0	0	0	0	0	0	1	0	0	1	0	1	1	0	1	1	0	2
5	1	1	1	4	0	0	2	5	1	0	3	3	0	2	3	0	1	0	1	0	1	0	0	1	0	1	1	4	2	1	2	4	5	26	4	6	4	30	4	1	1	22	2	4	10	12	5	1	2	2	0	2	2	3	2	0	0	0	1	0	0	0	1	4	0	1	2	0	0	2	2	2	4	2	2	1	0	0	2	0	2	1	0	0	0	2	0	1	0	0	1	1	0	2	3
1	1	0	2	0	1	1	3	4	0	2	1	3	1	3	3	1	2	0	1	1	2	0	1	0	1	0	0	2	0	0	2	4	1	20	3	5	5	20	3	4	3	16	2	5	3	10	1	0	2	0	0	0	0	0	0	0	0	1	0	0	0	0	0	2	0	0	2	0	1	0	3	1	1	0	2	0	0	0	3	0	0	0	0	0	2	2	1	0	1	1	2	0	1	0	0
0	1	1	2	2	0	0	0	1	0	0	2	1	2	1	3	0	0	0	1	0	0	0	1	0	0	1	0	1	1	0	2	1	1	17	0	1	1	20	3	2	1	18	1	2	1	11	2	0	0	0	0	0	0	1	0	0	0	1	0	0	1	0	0	1	0	0	1	1	3	2	0	3	1	0	4	1	1	2	2	1	0	1	0	1	0	1	1	1	0	2	0	1	0	2	2
4	1	0	3	4	5	1	1	7	0	1	4	5	5	0	5	1	1	2	0	0	0	0	1	0	0	0	1	1	0	1	3	3	4	18	2	5	1	19	5	8	6	22	2	6	8	10	6	0	1	1	5	0	0	1	1	1	1	4	0	0	1	2	1	2	4	0	2	1	2	2	2	1	3	1	1	1	1	1	3	0	1	0	0	0	1	1	1	0	1	2	1	1	2	1	1
4	3	0	3	6	3	0	2	2	0	0	5	4	4	0	1	1	2	1	0	0	2	1	2	2	2	0	1	0	0	0	2	1	3	27	2	2	5	24	4	2	4	20	2	1	3	10	3	0	0	0	0	0	1	1	1	0	1	1	1	1	0	1	1	1	0	1	2	2	0	1	2	2	2	1	2	1	3	1	1	0	1	0	0	0	1	0	4	0	0	1	0	0	1	0	1
3	2	1	1	2	1	0	1	4	1	0	1	2	5	0	6	0	1	1	1	0	0	1	2	0	1	0	1	0	1	0	4	1	2	38	1	5	2	30	2	3	2	29	2	9	6	10	4	0	2	1	2	1	2	1	0	0	1	0	0	0	1	1	1	3	0	0	0	1	2	3	2	2	2	0	1	1	0	0	1	0	2	0	1	0	0	1	2	0	1	1	2	0	1	0	2
0	2	0	0	0	2	0	0	0	0	2	0	0	0	0	2	0	0	0	0	1	0	0	0	1	2	0	1	0	0	1	1	1	3	7	1	0	3	10	3	1	1	14	2	0	5	7	1	0	1	0	3	1	0	0	1	0	0	0	0	0	0	0	1	2	0	2	4	0	0	1	0	0	0	0	0	0	0	0	1	0	2	0	0	0	0	1	1	0	0	0	0	3	2	0	0
0	0	0	0	1	0	0	2	2	2	0	0	1	2	0	0	0	0	0	1	1	0	1	1	0	0	0	0	0	0	2	1	1	1	13	1	5	3	11	2	0	0	12	2	2	2	9	3	0	0	2	0	0	0	1	0	0	0	0	1	1	0	1	0	0	0	1	0	0	0	0	0	3	0	0	1	0	0	0	0	0	0	3	0	0	0	1	0	0	1	2	0	0	1	0	0
0	1	0	1	3	0	0	0	1	3	0	2	1	1	0	3	0	0	0	1	0	0	0	0	0	0	0	0	1	1	0	1	3	0	7	1	1	0	12	0	1	2	4	1	1	3	8	1	0	2	0	0	0	1	1	0	0	0	0	0	2	2	0	1	1	0	2	0	0	0	0	0	0	1	0	0	0	0	0	0	0	1	0	0	0	0	2	0	0	1	0	1	1	0	0	0
4	2	1	1	3	1	0	1	6	2	1	3	0	2	2	3	1	0	0	0	1	0	0	0	1	0	0	0	0	1	0	2	1	3	24	2	2	1	24	5	0	1	23	2	1	1	13	2	1	0	1	0	0	0	0	0	0	1	1	0	1	1	2	0	0	0	1	0	2	2	1	1	2	4	1	1	3	2	1	0	0	0	0	0	0	0	0	1	0	0	0	0	1	0	0	1
0	3	1	1	0	0	1	4	1	0	1	1	1	0	0	6	0	1	2	0	0	1	0	1	1	2	0	0	0	1	0	4	1	1	13	1	3	0	11	3	0	2	16	3	2	2	3	0	1	1	0	1	0	1	0	0	1	0	1	0	0	0	0	2	1	2	3	0	1	0	0	1	0	0	0	0	1	1	1	0	0	0	0	0	0	1	0	10	0	0	1	3	0	1	1	1
7	3	0	9	21	43	21	125	3	16	3	38	2	7	0	20	0	2	1	1	0	1	1	3	2	5	2	3	1	2	1	3	40	46	623	13	12	29	529	19	118	230	894	119	16	25	240	20	2	2	3	3	1	9	2	2	1	6	2	2	2	5	0	1	17	12	27	7	16	14	47	16	42	31	34	20	9	16	9	13	0	3	2	2	2	9	8	10	0	3	3	7	1	4	2	5
0	4	2	3	0	2	0	1	2	4	1	0	3	4	0	1	0	0	0	2	3	0	0	2	0	0	0	1	2	1	0	1	1	0	25	1	2	0	19	5	4	2	18	4	4	1	13	3	0	0	0	0	1	0	0	0	1	1	0	1	2	0	0	0	2	0	0	1	1	0	1	0	1	2	0	1	0	0	1	1	1	0	0	0	0	0	0	0	0	0	0	0	0	0	0	0
0	1	0	0	1	2	1	2	3	4	1	3	3	2	2	4	0	1	0	0	0	1	0	1	1	2	2	1	1	1	0	0	0	3	21	3	0	1	11	3	8	0	9	3	7	7	10	4	0	1	1	1	0	0	2	3	2	0	2	2	0	1	0	1	1	0	0	1	0	2	0	6	1	0	1	0	1	0	0	0	0	1	1	1	0	1	0	2	0	0	2	2	0	0	1	1
2	2	0	0	0	0	0	1	3	2	0	1	0	0	0	2	1	0	0	0	1	0	0	0	0	0	0	0	3	0	0	0	3	0	2	1	3	7	7	1	2	6	0	4	1	8	4	2	0	0	0	0	1	0	0	0	0	0	0	0	0	0	1	1	0	0	0	0	0	1	1	1	0	0	0	2	0	0	1	1	0	0	0	1	0	0	0	1	0	0	0	0	1	1	0	0
0	0	1	2	0	1	0	2	6	1	0	4	2	1	0	2	1	0	0	1	1	0	0	0	1	0	1	1	0	0	0	1	2	1	6	3	1	1	8	5	2	6	9	2	4	3	4	2	1	2	0	1	0	4	2	3	0	0	1	1	0	0	0	2	0	1	1	0	0	1	1	2	0	0	0	2	1	1	1	2	0	0	0	0	0	0	2	0	0	0	0	0	1	0	0	0
0	1	0	0	0	2	1	1	0	3	0	1	0	0	0	1	0	2	0	0	0	0	0	0	0	0	0	2	4	0	0	2	0	1	3	1	1	6	3	4	1	0	4	0	8	14	4	8	0	0	0	1	0	1	2	1	1	2	1	0	1	1	0	1	1	2	0	1	0	0	0	1	1	0	0	2	1	0	2	0	1	2	1	0	0	2	0	0	1	0	0	2	0	0	0	1
1	6	3	1	4	1	0	0	4	1	0	4	2	0	1	1	0	0	0	1	1	3	1	1	0	0	1	0	1	0	0	1	4	2	17	1	5	4	19	5	0	2	18	3	1	3	16	1	0	1	1	1	0	1	1	1	3	0	0	0	0	0	1	0	0	0	0	3	1	0	0	1	1	0	2	0	1	0	0	0	0	0	0	0	0	1	0	1	0	1	1	0	0	1	0	2
2	2	1	3	18	21	6	54	1	5	4	8	3	6	2	8	0	2	0	1	0	0	0	2	2	4	1	1	4	1	3	7	25	6	202	10	13	16	219	14	49	49	233	47	13	16	128	8	4	3	0	6	0	4	7	3	2	4	5	1	3	1	4	0	18	10	39	7	7	11	37	10	15	11	24	11	5	7	13	7	1	1	1	1	1	5	12	9	3	1	3	1	1	1	1	1
3	0	2	1	7	2	2	0	6	4	1	4	4	2	1	4	1	2	3	3	3	0	1	1	3	3	4	4	3	3	1	4	5	4	4	3	10	11	4	8	4	7	9	2	24	20	2	21	0	0	2	4	4	0	3	1	1	1	4	3	2	1	1	1	4	1	2	3	2	4	3	5	3	1	5	3	3	2	0	3	0	0	4	2	0	1	3	9	2	3	3	0	2	2	0	3
2	0	1	1	3	3	1	4	2	1	2	2	4	1	3	2	2	3	2	4	1	0	0	0	4	2	1	1	3	4	1	4	1	5	3	3	9	5	10	7	7	5	6	0	10	3	6	4	0	1	3	1	0	2	6	1	1	1	2	2	1	1	3	2	0	3	0	3	0	3	4	2	1	6	2	1	0	4	1	2	1	1	4	2	1	0	0	1	2	4	6	1	2	4	1	4
2	1	0	1	3	0	1	1	0	3	0	0	2	3	0	1	0	0	0	1	0	0	0	1	0	1	0	2	0	1	0	3	2	3	5	3	3	1	9	0	0	5	4	1	2	2	5	4	0	0	0	2	0	0	0	0	0	1	0	0	1	3	0	0	0	0	0	2	0	0	3	1	0	1	0	1	2	0	0	3	0	1	0	1	0	0	0	0	0	0	0	0	1	0	2	0
10	11	2	10	38	58	34	191	8	24	10	41	9	8	3	38	6	3	2	4	3	1	2	3	4	12	5	5	2	8	2	5	43	43	226	31	23	26	233	29	105	176	530	124	18	44	108	16	3	17	2	13	1	17	9	8	1	12	4	8	9	3	2	5	20	29	61	23	24	30	94	41	40	53	54	26	14	35	26	18	1	7	6	5	2	19	26	50	1	4	11	29	1	8	3	11
4	3	0	3	12	21	16	60	14	19	6	31	7	8	3	14	4	1	1	8	1	1	2	0	2	6	1	3	1	4	0	1	14	16	114	10	11	11	88	10	61	105	461	78	9	17	58	12	1	11	2	9	0	5	4	2	1	4	4	1	5	1	1	0	12	17	29	6	8	11	25	11	35	39	23	20	10	16	9	8	1	4	1	3	2	5	5	10	0	7	3	11	3	6	2	9
2	2	2	6	16	24	15	91	4	5	3	30	4	4	4	10	2	2	0	3	0	0	0	1	0	6	1	3	0	4	2	3	18	17	40	15	18	16	37	14	53	81	107	54	15	13	32	13	1	3	0	4	1	3	0	5	2	4	2	1	0	0	1	0	12	12	42	4	9	9	37	11	27	25	30	11	13	9	19	11	0	6	1	3	1	7	8	7	2	3	6	11	0	2	1	1
4	2	1	5	2	5	0	5	2	5	1	4	2	2	1	5	3	2	0	2	2	3	1	3	6	3	0	3	0	3	0	4	1	6	14	2	7	12	18	6	3	4	13	2	9	6	5	7	0	2	1	0	1	3	9	1	1	1	10	2	4	2	0	1	2	4	2	3	2	3	3	6	2	2	5	3	1	6	1	1	0	2	2	1	1	4	1	2	2	6	4	1	2	3	0	0
2	1	4	0	2	2	0	0	1	2	1	3	7	2	1	4	2	0	1	2	0	0	2	2	0	4	0	2	3	2	0	10	3	2	13	2	2	5	16	4	0	1	9	5	5	3	5	3	1	0	0	2	0	1	2	4	1	1	0	1	1	1	1	4	2	0	3	1	1	4	3	1	0	1	1	1	2	1	1	0	0	0	0	0	1	1	1	3	0	0	2	0	3	0	0	8
1	2	0	0	0	2	0	3	2	0	1	1	2	1	1	2	3	1	0	1	0	2	0	0	2	1	1	0	0	0	0	6	2	1	24	1	2	1	23	4	1	5	14	6	8	3	14	3	0	3	1	2	0	2	3	0	0	2	0	0	0	2	0	3	0	0	0	1	1	2	1	5	1	4	3	4	2	1	2	1	2	0	1	0	0	1	1	2	0	0	0	0	0	0	1	2
3	3	2	4	13	18	6	61	2	14	2	28	7	6	4	12	0	0	0	3	2	1	1	1	0	2	0	3	4	3	0	1	17	10	42	11	10	17	31	11	31	76	94	38	8	13	29	3	2	5	0	9	1	10	1	5	0	6	3	1	2	4	1	1	9	10	20	6	20	10	36	11	24	21	28	17	7	15	11	13	1	1	0	7	1	8	12	29	1	6	5	14	1	3	4	7
1	1	2	1	2	1	0	0	8	3	2	7	9	7	0	4	5	4	2	1	0	2	0	1	4	1	1	1	3	2	0	1	4	1	27	3	7	3	24	8	2	7	24	3	18	9	7	10	1	0	1	0	1	3	1	0	0	1	1	2	1	1	1	3	4	4	1	0	0	4	1	4	3	2	3	1	2	1	0	1	1	2	2	1	0	0	0	2	2	1	4	1	1	3	2	1
3	5	0	2	4	1	0	2	3	1	1	3	2	4	0	4	1	3	0	2	1	0	0	1	1	0	0	0	0	1	1	3	0	1	25	0	0	4	14	3	0	2	21	3	5	6	14	3	0	1	0	0	0	0	1	0	2	0	1	0	1	0	0	1	2	1	0	1	2	2	0	2	0	2	0	0	1	4	2	2	1	0	0	0	0	0	0	1	0	0	0	1	1	0	0	2
0	1	1	0	1	2	1	1	2	3	2	1	1	1	1	0	0	1	0	0	1	1	1	0	0	0	0	1	2	1	0	6	1	3	11	0	2	6	16	1	3	0	10	1	6	2	7	4	0	0	0	1	0	0	1	1	0	0	0	1	1	1	0	1	0	3	0	1	1	1	1	4	0	0	3	1	1	0	1	0	0	0	0	0	0	1	0	1	0	0	0	0	0	0	0	0
0	0	0	0	2	0	0	1	3	1	0	1	0	1	0	1	0	1	0	0	2	0	0	0	0	0	0	1	0	0	0	1	2	4	4	3	2	5	3	4	2	4	5	2	4	2	3	4	0	0	2	0	2	0	0	0	0	0	0	0	0	1	0	0	0	0	1	0	0	4	1	5	0	1	0	0	0	0	0	0	0	0	0	0	0	0	1	1	0	1	1	0	0	3	0	1
2	2	1	1	0	0	0	0	2	4	0	0	0	4	1	0	0	2	0	0	0	0	1	0	0	0	0	0	1	1	2	0	2	5	8	0	2	1	13	1	2	3	12	2	4	1	9	5	0	0	0	0	0	1	0	1	1	1	1	0	0	1	0	0	0	0	1	2	0	1	1	1	0	1	0	0	0	1	2	0	0	1	1	0	0	0	0	0	0	1	3	1	0	0	1	1
2	2	1	2	4	4	1	5	1	4	0	1	2	4	0	3	1	1	0	2	0	2	0	2	1	1	0	1	1	1	0	0	4	0	16	1	7	2	17	3	1	2	17	3	7	2	17	3	1	0	2	3	0	1	0	6	0	3	0	4	0	1	2	5	1	0	2	3	5	3	1	3	0	1	3	2	1	0	0	0	0	0	0	2	1	0	1	7	2	1	0	1	1	0	2	4
4	0	1	2	1	2	0	2	0	2	1	4	0	1	0	2	1	2	0	1	0	0	0	0	1	0	0	0	0	0	0	2	4	3	19	2	1	2	15	1	2	2	12	1	4	3	17	0	0	0	0	1	1	0	0	0	0	0	0	0	0	0	0	1	2	1	0	0	1	1	1	1	0	3	0	4	2	0	0	0	0	0	0	2	1	0	0	0	0	1	0	0	1	0	0	1
6	8	0	37	32	7	12	148	12	9	6	92	255	52	7	1701	1	4	0	1	0	1	0	0	1	7	0	1	1	0	0	2	3	27	37	20	8	10	27	20	26	176	162	188	24	107	521	174	2	6	1	18	2	3	3	1	0	1	0	4	1	6	2	8	26	49	26	26	5	17	15	4	83	126	34	129	20	60	26	51	10	16	5	94	17	8	12	106	1	12	3	35	14	32	7	391
1	2	1	0	0	2	0	0	2	3	0	3	3	0	1	3	1	4	0	4	1	1	0	3	0	2	0	1	1	3	0	6	3	3	16	1	1	1	14	5	2	0	19	3	3	1	7	5	1	1	0	0	0	2	3	1	1	0	1	2	3	1	0	2	3	2	5	2	1	1	0	3	0	0	2	3	0	1	1	1	0	0	0	0	0	0	3	3	2	3	1	1	0	3	1	4
1	1	0	1	2	2	1	1	3	1	0	2	1	0	0	3	0	1	0	1	1	2	0	0	2	1	0	1	2	0	0	3	1	3	19	1	1	3	9	3	1	5	17	0	1	2	13	0	0	1	1	0	0	2	1	0	1	0	0	0	0	1	0	1	0	0	0	1	2	2	0	0	0	2	0	1	1	0	0	1	0	1	1	1	0	0	0	1	1	0	0	0	0	0	0	2
4	3	0	2	1	1	1	2	1	1	0	2	3	1	2	3	2	4	0	1	0	1	0	0	0	1	0	5	1	1	0	6	1	2	19	1	0	1	10	3	3	7	20	0	4	3	14	5	0	0	1	0	0	1	0	6	0	1	1	0	0	0	2	0	1	1	1	0	0	3	0	3	1	1	0	0	2	0	2	3	1	1	3	2	1	0	0	1	1	3	0	0	0	0	1	2
4	14	0	24	21	12	3	82	10	27	2	45	197	40	8	1351	4	6	0	2	1	2	0	2	2	9	0	4	2	1	0	0	15	25	162	34	23	25	133	30	49	268	662	246	43	225	1967	349	2	3	1	11	1	4	3	0	1	2	0	3	2	1	3	16	57	49	22	22	6	13	11	17	125	179	56	163	38	68	32	36	17	20	6	90	17	7	34	109	12	18	11	29	51	79	19	536
1	0	0	0	2	2	0	1	1	3	1	3	3	0	0	6	1	0	0	0	0	0	0	0	0	0	0	0	1	0	0	0	1	0	18	5	0	4	19	3	3	1	20	2	0	3	8	2	0	0	0	0	0	0	2	0	0	0	0	0	0	0	0	0	1	0	1	2	0	2	1	1	0	2	1	1	0	1	0	0	0	0	1	0	0	0	0	1	0	0	0	0	0	0	0	0
0	4	1	2	2	0	2	3	5	0	1	2	2	1	0	2	0	0	0	1	0	0	1	1	0	2	0	0	2	2	1	1	0	2	24	0	1	5	13	1	1	4	24	5	0	5	6	2	0	1	1	0	0	0	0	2	1	2	0	1	0	0	0	0	2	3	1	1	0	0	1	1	2	2	1	0	1	1	0	1	0	0	0	0	0	0	0	0	0	0	0	0	0	0	0	3
5	0	0	2	2	2	4	5	12	0	1	6	6	2	1	9	0	0	0	1	0	0	1	2	0	0	0	0	2	1	1	0	2	3	41	2	5	4	38	1	5	1	32	4	4	2	18	2	1	0	0	1	1	0	2	1	0	1	0	1	2	0	0	3	1	0	3	1	0	2	2	0	2	0	2	1	0	4	0	2	2	1	0	0	1	1	0	1	0	1	0	0	0	0	1	0
0	0	0	1	0	3	0	2	1	1	0	0	1	0	0	2	1	0	0	0	0	0	0	0	0	0	0	1	2	1	0	2	2	2	13	1	2	2	6	2	2	2	15	1	6	3	4	3	0	1	0	2	0	0	0	0	0	0	0	0	0	0	0	1	0	1	3	1	1	3	0	2	2	1	1	0	1	1	1	3	0	0	0	0	0	0	0	2	1	0	1	0	0	2	1	1
5	19	1	27	18	12	4	70	13	21	2	51	174	44	12	1305	5	4	0	3	0	1	0	1	7	7	0	0	1	3	1	1	11	42	191	32	18	24	161	31	34	245	740	224	39	191	2257	275	2	4	0	4	0	4	2	2	2	4	3	1	1	6	1	14	47	50	23	27	12	13	10	14	151	180	77	116	39	67	41	47	10	18	9	71	13	17	21	120	12	14	9	21	42	60	17	499
12	20	6	163	34	41	21	401	14	48	5	291	214	88	24	2733	5	2	0	2	0	2	0	0	4	16	0	7	1	0	1	0	14	107	358	84	8	22	204	49	59	447	1000	403	25	177	1820	350	3	6	0	41	3	10	10	23	2	14	2	12	11	7	6	39	33	74	37	27	4	53	38	13	105	287	83	132	39	94	48	56	4	33	20	170	13	14	23	165	11	41	26	80	15	50	11	480
0	0	0	2	1	0	0	1	1	1	0	0	1	1	1	0	0	0	0	2	1	0	0	2	0	1	1	0	2	1	0	2	0	0	8	0	0	0	11	1	0	1	6	1	9	4	5	2	0	1	0	0	0	0	1	0	1	0	0	0	1	1	1	0	0	0	0	1	1	0	2	1	1	0	1	1	0	0	0	1	0	0	1	0	0	0	1	0	0	0	0	0	1	0	0	0
1	2	0	0	1	1	1	1	0	3	1	1	3	1	1	4	2	1	0	6	0	1	1	1	0	1	2	3	2	0	1	2	1	4	13	0	3	3	14	3	0	5	8	2	5	2	6	4	2	0	2	0	0	1	1	1	0	0	1	2	0	1	0	0	1	0	0	2	0	1	1	2	0	0	2	1	3	0	0	0	0	1	2	0	0	1	0	2	0	0	2	1	1	0	2	1
2	6	0	1	1	2	0	3	2	3	0	1	0	3	0	7	1	0	0	3	1	2	0	0	0	1	0	1	1	0	1	1	6	1	19	3	1	4	16	5	3	5	18	2	3	3	13	3	0	1	1	0	0	0	1	2	0	3	2	0	1	1	0	1	2	0	2	1	1	0	1	1	0	2	1	2	0	1	1	0	0	1	0	1	0	1	1	1	1	0	0	0	1	1	1	0
3	0	0	3	7	17	7	37	7	7	2	12	4	3	2	10	2	1	1	4	1	2	2	0	1	0	1	0	0	1	0	0	17	8	144	8	7	10	111	9	37	70	187	34	7	7	58	15	3	6	0	4	0	1	1	1	1	3	2	1	0	0	1	0	6	15	18	7	8	10	24	10	23	13	18	13	5	6	6	4	0	1	0	3	0	6	9	7	0	1	1	3	0	1	0	2
1	2	1	3	20	32	16	86	1	13	7	27	3	4	1	7	1	3	0	2	0	2	0	0	3	4	1	1	1	2	0	1	36	25	425	21	13	18	417	13	73	114	508	60	9	14	180	6	3	5	1	9	1	7	5	3	0	2	0	3	7	0	2	2	16	11	38	6	15	14	44	8	29	30	19	9	11	12	21	13	1	1	1	1	1	7	10	12	1	5	3	5	0	2	2	4
0	2	0	0	0	0	0	1	2	0	0	2	2	0	0	3	0	1	0	0	0	0	0	1	0	0	0	0	0	0	0	1	1	1	11	1	1	1	12	2	1	6	11	0	2	2	3	0	1	0	0	0	0	0	0	0	0	0	0	0	0	0	0	0	0	0	0	0	1	1	1	1	1	1	0	0	0	0	0	0	0	0	0	0	0	0	0	1	0	0	0	0	0	0	0	0
3	1	0	0	0	1	0	0	5	0	0	4	2	1	2	1	0	2	1	3	0	0	1	0	1	0	0	1	1	1	1	0	2	1	11	4	4	2	14	4	1	2	11	1	2	3	10	2	0	0	2	1	0	0	0	0	0	0	0	0	0	2	0	2	2	2	0	0	1	1	0	2	1	0	0	2	1	0	0	0	0	0	1	0	0	1	1	3	0	1	0	0	0	0	1	1
3	1	0	2	1	3	0	3	4	2	2	3	1	1	1	4	0	2	0	0	2	0	0	1	0	1	0	1	0	0	0	0	1	4	23	0	3	0	10	2	0	3	23	1	2	3	13	3	0	3	1	0	2	2	0	1	0	1	0	0	1	0	2	1	0	1	0	1	1	2	2	2	0	0	0	2	1	1	0	1	1	0	0	0	2	0	0	2	1	0	0	0	0	0	0	0
0	2	1	0	0	0	0	0	2	1	0	1	3	3	1	2	0	1	0	0	1	0	0	0	0	1	0	0	0	0	0	1	1	0	21	0	1	2	10	2	2	2	13	1	2	3	9	2	0	0	0	0	0	0	0	0	0	0	1	0	2	0	0	1	1	2	1	0	0	2	0	1	0	0	0	1	0	0	0	0	0	0	0	0	0	0	0	0	0	0	1	0	0	0	0	0
0	1	0	0	1	2	0	0	0	1	0	2	0	2	0	2	2	0	0	0	0	0	0	1	0	0	1	1	0	0	0	1	4	2	17	3	2	0	19	1	3	2	16	1	3	2	11	0	0	1	1	0	0	0	1	1	0	1	0	0	0	0	0	1	0	1	1	0	0	0	0	4	0	3	0	1	1	0	0	1	0	0	0	0	0	0	0	0	0	0	0	1	0	1	0	1
3	3	1	5	13	29	17	70	3	13	2	19	2	10	5	17	3	1	0	1	0	0	0	1	1	4	1	3	2	2	0	0	36	18	271	17	16	20	208	28	69	89	417	68	7	21	122	5	0	2	0	12	1	5	3	4	1	2	4	1	2	0	0	0	10	17	31	6	9	15	45	5	31	7	25	10	8	13	16	3	0	0	1	3	1	9	2	7	0	3	0	3	0	1	3	2
1	2	0	0	1	4	1	1	3	4	1	2	1	2	1	3	0	1	1	1	1	0	1	0	2	1	0	2	3	3	0	2	3	3	16	2	0	2	12	2	3	1	15	3	6	5	9	4	1	1	1	4	2	1	6	0	1	2	1	0	0	2	1	1	0	4	1	0	3	2	2	0	2	0	0	0	0	1	1	5	0	3	3	0	0	1	1	0	0	2	1	0	0	1	1	1
1	4	0	3	6	1	0	1	2	3	1	7	6	6	1	3	0	1	0	1	0	1	4	2	2	2	0	1	2	0	0	8	4	0	18	3	6	4	17	3	3	3	16	5	8	4	10	2	0	1	2	2	1	1	3	2	1	0	1	2	0	0	1	2	2	3	6	3	1	1	4	2	0	4	2	0	1	3	3	5	1	4	1	2	0	0	2	5	3	0	2	3	0	1	0	3
0	1	0	2	2	1	1	1	1	0	0	0	0	2	0	1	1	0	0	2	2	0	0	1	0	1	0	2	2	0	0	3	1	2	9	2	1	1	4	1	1	0	13	2	1	0	6	1	1	0	0	1	0	1	2	1	1	0	1	0	0	0	0	0	0	2	1	0	0	1	1	2	3	0	0	1	0	3	0	2	2	0	0	1	0	0	1	1	1	0	2	0	0	0	0	0
2	1	0	1	1	2	0	4	4	0	1	0	3	0	0	3	0	0	0	1	0	0	0	0	0	1	0	1	2	0	1	0	3	2	8	0	0	0	5	2	5	3	12	0	1	3	9	5	0	1	0	1	0	1	0	2	0	1	2	1	0	0	0	1	0	2	1	0	2	1	0	1	2	1	0	0	0	2	1	3	0	1	2	0	0	1	0	0	0	1	0	0	0	2	0	2
1	2	1	3	2	2	0	2	2	2	2	1	4	0	0	3	2	4	0	0	2	0	0	1	0	0	0	0	2	3	0	4	2	1	19	0	4	4	14	4	0	4	18	3	3	2	13	3	0	0	0	0	0	1	0	0	0	1	0	2	1	0	0	1	0	2	2	4	1	2	3	2	1	3	2	0	1	1	2	1	0	0	3	1	0	1	1	1	0	0	1	0	1	0	1	0
3	4	0	2	1	1	0	2	3	2	0	6	2	3	1	0	1	1	0	1	1	0	0	2	0	0	0	0	3	1	2	4	2	1	43	1	0	2	26	1	5	2	26	2	3	4	19	5	0	0	1	0	0	0	0	1	0	0	1	0	1	0	0	3	1	1	0	0	1	1	0	1	1	2	1	7	1	0	1	0	0	0	0	2	1	0	0	4	0	0	1	0	1	0	1	1
7	5	0	11	20	31	17	75	10	12	5	18	7	6	3	23	5	5	0	1	2	0	0	3	0	3	1	1	2	4	1	8	36	22	126	18	14	15	122	9	50	69	175	52	17	15	57	10	2	2	6	15	3	4	11	6	3	5	5	4	3	5	2	5	18	16	35	13	11	18	50	14	39	13	32	17	8	13	14	9	2	6	2	4	3	8	14	13	1	3	6	14	2	2	3	5
1	6	2	6	3	4	1	3	2	9	0	0	5	2	0	4	4	1	3	4	5	0	1	2	5	4	1	3	6	1	0	2	4	6	11	3	7	4	13	7	7	7	18	2	6	4	10	5	1	1	3	3	0	1	5	1	3	3	3	1	3	1	4	2	2	4	1	2	1	7	3	3	2	0	2	3	1	3	1	5	0	1	6	1	1	1	3	0	4	0	4	2	0	3	1	2
0	1	1	2	2	0	0	2	6	0	2	5	1	2	3	5	0	3	0	0	0	1	0	0	0	0	0	0	1	1	0	2	1	1	15	0	2	2	18	1	2	1	14	0	5	3	15	1	0	0	0	0	0	1	2	0	0	0	0	0	1	0	0	0	0	1	1	0	0	1	1	0	0	0	1	2	2	0	0	0	0	0	0	0	0	0	1	2	0	0	1	1	0	2	1	0
1	0	0	0	3	1	1	2	1	2	0	0	5	2	4	4	0	0	0	1	0	0	2	1	0	0	0	1	1	0	0	0	1	2	21	0	2	1	21	2	2	5	28	4	2	2	13	0	1	0	2	0	0	0	0	1	0	0	0	1	2	0	0	2	0	0	0	2	0	1	2	3	0	3	0	1	0	1	1	1	0	0	0	0	1	2	0	3	0	0	2	2	1	1	1	2
0	1	0	0	3	1	1	2	3	0	1	0	2	1	0	2	4	2	0	0	0	1	0	1	0	0	0	0	0	0	0	3	4	1	21	2	0	2	14	2	0	1	9	0	1	2	13	5	0	0	0	0	0	0	1	0	0	0	0	0	0	0	1	0	3	3	0	1	0	2	0	2	1	0	1	2	1	2	0	2	0	0	0	0	0	2	0	0	1	0	0	0	0	1	1	0
1	4	1	6	27	43	18	114	8	17	4	30	3	5	0	11	2	1	2	1	3	0	2	1	1	4	0	2	0	0	0	1	48	25	198	14	23	18	190	23	71	151	347	64	17	8	112	14	1	3	0	10	0	7	3	3	0	5	2	4	3	1	0	3	12	14	45	8	9	11	53	13	28	23	35	9	3	8	19	11	0	1	0	3	0	4	7	4	0	7	2	6	0	2	2	5
2	1	0	0	1	1	0	0	4	1	1	3	2	0	0	1	0	0	0	1	0	1	1	0	1	0	0	0	3	0	0	2	1	1	23	2	3	3	27	0	3	3	12	2	5	1	11	2	0	2	0	0	0	1	0	1	0	2	0	2	1	0	1	1	0	0	1	4	0	4	0	2	0	2	0	3	1	0	0	0	0	1	0	0	1	0	1	2	0	0	1	1	0	0	1	0
2	1	0	0	3	1	0	3	1	3	0	0	2	0	1	1	1	0	0	1	0	0	0	2	0	1	0	0	0	0	0	0	2	4	17	1	0	1	25	0	2	2	27	1	2	0	14	1	2	0	0	0	0	1	0	0	0	0	0	0	0	0	0	1	0	0	2	2	0	1	2	2	1	1	1	1	0	1	1	1	0	1	1	0	0	1	0	1	1	0	0	0	1	0	0	4
5	12	0	7	32	56	21	114	10	9	0	22	4	12	2	20	1	1	1	6	1	1	1	0	1	4	0	3	1	0	1	3	38	25	191	28	21	28	235	21	125	130	328	79	21	18	84	12	1	8	2	9	0	7	2	2	1	4	2	5	0	1	0	2	12	17	53	4	15	21	61	16	26	20	30	11	14	19	23	14	1	1	2	2	0	10	14	15	0	1	2	3	1	0	0	6
1	0	0	1	1	1	2	0	6	0	1	1	2	3	0	3	0	0	0	0	0	0	0	0	0	1	0	0	0	0	0	2	1	0	29	3	2	0	18	0	1	0	26	3	3	2	11	2	1	0	0	1	0	0	0	0	0	0	0	0	2	0	1	0	0	2	1	0	2	2	1	1	0	3	1	1	0	0	0	1	0	0	0	0	0	0	1	1	0	1	0	0	1	0	0	1
6	3	3	2	12	19	11	44	7	11	6	19	6	16	1	9	2	5	0	5	3	2	1	1	4	12	4	2	4	7	1	10	33	38	187	14	38	54	200	32	74	139	368	62	52	64	115	31	22	25	7	9	10	18	14	13	8	18	13	13	18	15	11	11	19	12	20	10	10	11	32	20	32	27	15	15	16	14	11	13	2	1	3	2	0	5	8	10	3	2	2	4	2	1	3	6
1	0	0	1	1	2	2	2	1	3	1	2	1	3	0	4	1	2	0	0	0	1	0	0	0	1	0	1	2	4	1	6	2	0	26	2	3	6	31	7	0	5	33	2	7	7	21	5	0	1	0	0	0	0	1	1	1	1	0	0	0	0	1	1	2	1	1	1	1	3	1	0	0	2	0	1	0	0	1	0	1	0	0	0	0	0	1	1	0	0	0	0	0	0	1	0
1	2	1	3	4	0	2	6	18	2	1	0	8	4	1	6	1	2	0	3	0	1	0	1	2	0	0	3	4	4	0	8	4	3	37	3	6	2	33	5	4	12	36	4	8	4	23	7	1	1	0	1	1	4	3	2	1	2	0	0	1	1	0	2	2	0	4	1	2	4	4	2	1	1	2	2	3	4	1	0	1	0	0	0	0	0	2	4	0	0	2	1	0	2	1	4
0	0	0	1	1	1	1	0	1	1	0	2	0	1	0	1	1	0	0	1	1	0	0	0	0	0	0	1	2	2	0	4	2	1	14	1	0	0	15	1	1	5	16	2	4	0	4	2	0	1	0	0	0	2	3	0	1	0	1	0	1	0	0	0	0	0	0	1	1	2	0	3	0	2	0	2	1	0	0	1	0	2	1	0	0	0	1	0	0	0	0	0	0	0	0	0
3	12	1	2	17	14	15	82	5	11	5	14	6	5	2	11	1	0	1	5	0	0	1	0	0	7	0	1	0	1	1	1	29	41	123	21	21	43	122	34	81	182	206	131	25	48	52	23	4	12	6	9	2	9	7	4	7	22	9	7	5	6	4	2	23	24	45	11	25	16	55	11	77	51	63	45	18	29	25	19	4	4	0	2	1	2	6	5	1	3	0	5	0	3	0	1
0	4	1	0	0	0	0	4	2	0	0	1	2	3	0	3	1	1	0	2	0	1	2	0	0	1	0	0	0	2	0	1	3	0	20	1	0	2	20	3	3	3	25	0	5	3	12	2	0	0	1	0	0	1	1	3	0	1	1	0	0	0	0	0	1	3	1	1	1	1	1	0	0	2	0	0	0	3	0	0	0	0	0	0	0	0	0	0	0	0	0	1	0	1	0	1
1	3	2	6	23	27	16	119	9	9	6	28	2	8	3	25	2	1	1	1	1	2	0	2	2	5	3	1	0	2	1	2	34	25	188	29	17	24	160	20	69	105	268	58	15	18	65	10	1	4	0	4	1	7	3	4	0	1	1	2	3	1	0	1	11	10	36	6	12	15	61	9	23	15	33	13	9	20	13	9	0	0	1	2	2	12	8	16	0	1	5	5	0	2	1	5
2	2	1	2	2	1	0	1	4	2	0	7	4	2	1	2	0	1	1	0	0	0	0	1	0	0	0	0	1	0	0	4	0	1	16	2	3	9	14	0	1	4	16	2	4	2	6	2	0	0	0	0	0	1	0	0	0	0	0	0	0	0	0	0	0	0	1	0	0	0	0	0	0	0	0	0	0	0	1	0	0	0	0	0	0	0	1	0	0	0	1	2	0	0	0	0
13	7	3	12	8	5	6	14	12	6	2	8	13	10	4	25	9	4	2	10	6	4	1	4	9	1	3	2	15	9	1	9	7	8	15	16	13	7	16	12	12	7	26	14	15	11	9	8	4	7	17	14	5	4	24	13	2	4	6	15	6	11	8	13	4	4	2	6	1	6	3	11	3	8	3	5	7	5	4	15	10	2	6	7	1	2	5	3	3	4	4	1	9	7	4	4
4	4	2	3	16	26	11	83	7	17	4	29	4	7	6	18	2	1	0	6	0	0	0	1	0	2	1	2	0	3	0	3	16	16	144	14	9	16	121	16	43	103	334	64	7	12	58	6	1	6	2	9	1	7	3	3	1	5	2	4	3	5	0	1	21	11	38	6	11	21	41	19	30	26	32	11	9	12	17	9	2	7	0	3	2	8	12	34	3	6	4	13	1	0	0	5
1	1	1	0	2	0	0	1	2	0	0	0	4	2	2	5	0	0	0	1	0	0	0	2	0	0	0	0	0	1	0	0	2	4	24	2	1	6	15	2	2	3	18	2	4	3	8	1	1	0	2	1	1	0	0	1	0	0	0	1	2	1	1	0	2	2	1	1	2	1	0	1	1	5	0	0	0	2	1	0	0	0	1	0	1	0	0	1	0	0	0	0	0	0	1	2
3	2	0	5	10	14	11	47	7	2	3	11	3	4	1	8	2	0	0	1	0	1	0	1	2	3	2	1	1	1	0	1	17	10	158	15	6	11	155	13	35	53	212	43	7	7	83	1	1	2	0	2	0	3	2	0	3	0	1	1	0	0	0	3	12	11	25	2	8	10	44	9	18	19	22	5	9	10	12	4	2	1	1	0	1	2	7	4	0	4	0	4	1	0	2	1
4	8	0	4	12	5	1	5	9	12	6	7	3	7	1	11	4	6	2	3	4	4	0	2	6	7	1	2	4	4	3	5	4	4	12	2	4	5	10	5	6	8	17	11	3	15	6	2	1	0	1	4	3	2	4	6	1	1	2	2	2	5	3	1	1	1	3	4	1	8	0	6	1	1	3	3	2	3	2	1	1	2	3	1	1	3	3	0	2	3	2	6	0	4	7	2
2	0	3	1	2	1	1	2	3	1	1	1	2	1	1	0	0	0	1	3	2	0	1	3	0	0	0	3	2	0	0	5	3	2	14	4	2	6	8	4	3	0	12	1	3	6	11	0	0	0	0	1	0	0	0	1	2	2	1	3	0	1	2	4	3	5	3	6	1	3	1	2	2	1	0	1	1	0	2	2	0	1	1	1	0	0	0	0	0	0	0	0	0	0	0	4
0	1	0	1	2	2	0	1	1	1	0	4	3	2	1	6	0	0	0	4	0	0	0	2	0	1	0	1	1	0	0	2	2	1	20	3	4	3	17	4	2	5	14	0	5	0	12	2	0	1	1	1	0	0	1	0	1	0	0	0	0	1	1	0	4	2	0	3	0	4	2	4	1	2	1	0	1	2	2	1	0	0	0	0	0	0	1	0	0	0	1	0	0	0	1	2
3	10	3	1	4	2	0	6	10	3	1	2	4	8	1	2	1	2	1	2	2	7	2	3	1	2	0	4	3	8	3	7	6	5	23	6	6	4	15	5	7	5	13	5	3	12	11	4	0	1	1	1	0	6	3	2	1	1	4	1	1	3	4	0	1	2	4	2	1	5	2	2	2	5	1	2	0	1	0	4	0	2	2	0	1	5	3	2	0	2	3	0	1	1	2	1
1	2	0	5	9	30	16	68	7	7	2	12	0	4	2	9	2	3	1	2	0	0	0	2	0	3	2	0	0	2	0	1	25	18	98	10	13	25	106	8	41	82	154	50	8	18	50	6	2	3	1	5	0	5	3	0	1	6	4	4	1	2	2	1	35	19	43	4	18	18	65	15	68	33	56	27	14	13	14	13	0	2	1	1	1	7	5	6	0	5	2	4	0	0	1	2
1	2	0	0	0	0	1	0	6	0	1	4	1	1	0	2	0	0	0	0	0	0	0	0	0	0	0	1	2	1	0	1	2	3	20	3	5	1	28	2	3	4	17	0	3	2	13	0	0	0	0	1	0	0	1	0	0	0	0	0	1	0	1	0	2	1	1	2	1	0	3	1	1	0	0	0	1	0	0	0	1	0	0	0	0	0	0	0	0	0	2	0	1	0	1	0
3	1	0	0	1	2	1	5	6	3	1	2	5	4	2	2	3	1	0	3	1	0	0	1	0	2	0	0	1	1	1	0	2	1	24	5	2	2	20	6	3	2	23	6	3	5	12	3	0	0	0	0	0	1	0	2	0	0	2	1	1	1	0	0	1	3	1	1	0	1	3	0	2	1	0	1	0	1	1	1	0	0	0	0	0	2	0	3	0	0	0	0	2	0	0	1
7	1	1	2	5	2	4	3	3	1	1	7	4	1	2	10	1	1	0	0	1	0	0	1	1	1	0	1	1	3	0	0	2	4	37	2	3	12	32	7	3	6	33	2	4	5	23	5	2	1	1	0	0	0	0	1	0	0	2	0	2	1	0	0	2	0	3	0	3	0	4	0	1	1	0	1	0	1	1	4	0	0	0	0	0	0	1	1	1	0	0	1	0	0	0	2
1	2	1	0	1	0	1	1	3	1	1	0	0	2	0	1	0	0	0	1	0	0	0	0	0	0	0	0	1	1	0	0	1	1	20	1	0	3	15	3	0	3	21	1	3	1	14	1	0	0	0	0	0	1	1	0	0	0	0	0	0	0	0	0	1	0	0	0	0	0	1	0	1	1	0	0	0	1	0	0	0	0	0	0	0	0	0	1	0	0	0	1	0	0	0	0
4	1	1	1	0	0	3	4	3	2	1	2	1	1	0	1	1	2	0	0	0	0	0	1	0	0	0	0	1	0	1	2	1	0	9	0	1	1	13	1	3	3	16	1	1	1	7	0	0	0	0	1	0	1	0	0	0	0	0	1	0	2	0	2	0	0	2	0	1	0	0	1	1	0	0	0	0	1	0	0	0	1	0	0	0	1	0	1	0	0	0	1	0	0	0	1
2	3	0	1	1	0	0	0	3	1	1	2	2	0	0	0	0	0	0	1	0	1	0	1	0	0	0	0	0	1	0	0	1	1	10	2	0	5	7	0	0	1	10	4	3	0	7	3	0	1	0	0	0	0	1	0	1	1	0	1	0	0	0	0	0	1	0	1	0	0	1	1	2	1	3	3	1	1	0	0	0	1	0	0	0	0	0	0	0	0	0	0	0	0	0	1
2	0	0	0	8	16	2	23	0	3	0	6	2	2	0	1	0	1	0	0	0	0	0	1	0	2	0	1	0	0	0	2	8	8	73	2	6	3	87	5	24	30	118	19	3	5	55	1	0	2	0	5	0	1	0	0	1	2	0	1	0	0	0	0	5	2	3	2	0	4	7	0	7	3	1	1	10	3	5	2	0	0	1	1	0	2	3	4	0	0	2	0	0	0	1	0
3	11	1	41	29	26	6	128	16	38	4	80	186	43	8	1678	7	5	0	3	1	3	0	1	0	3	0	5	1	0	0	3	19	48	210	31	18	39	166	37	65	318	923	342	55	223	2537	358	3	3	2	23	0	2	1	4	2	5	0	2	4	8	0	16	66	72	28	28	12	33	32	20	199	318	126	182	55	119	45	64	7	23	7	89	21	24	30	153	19	34	17	50	43	78	15	608
1	0	0	0	0	2	0	2	0	0	0	3	2	0	0	1	0	0	0	1	0	0	0	0	0	0	0	0	0	0	2	0	1	0	9	0	0	0	5	0	3	0	5	1	0	2	6	3	0	1	0	1	0	1	0	0	0	0	0	1	2	0	0	0	1	0	0	0	1	0	0	2	0	0	0	3	0	1	0	0	1	0	2	1	0	0	0	2	0	0	1	0	0	0	0	0
2	4	1	2	2	4	2	3	6	3	0	3	2	4	3	2	1	1	0	1	1	1	0	3	2	1	0	3	2	0	1	8	3	2	31	2	3	2	30	4	3	7	25	5	2	4	10	3	1	1	1	1	0	2	0	3	0	1	3	1	4	2	0	0	3	2	0	2	2	2	4	6	2	5	1	1	0	2	0	3	0	0	0	0	1	2	0	13	0	0	1	1	2	1	0	2
1	6	0	0	12	20	9	54	5	3	2	5	4	9	4	10	0	1	0	1	0	0	1	0	2	2	0	1	0	0	0	0	18	6	102	13	8	8	94	8	31	48	113	24	11	11	57	3	0	1	1	1	2	1	2	1	0	3	3	0	2	2	2	2	10	13	32	5	4	12	49	13	16	10	26	11	9	9	13	7	0	2	2	2	2	4	6	9	0	0	1	0	0	0	0	1
1	1	0	0	2	2	1	3	1	0	0	0	4	0	1	3	0	2	0	0	1	1	0	0	1	0	1	2	1	0	0	0	2	3	17	3	2	4	13	0	0	0	18	2	3	1	12	1	1	0	0	0	0	1	0	0	0	0	1	0	0	0	0	1	1	1	2	1	0	2	4	1	0	2	0	2	0	1	2	5	1	0	0	0	0	1	0	3	0	0	0	1	0	0	0	2
0	2	0	0	2	1	0	2	1	2	0	0	4	1	0	0	0	3	0	0	1	1	0	0	0	0	0	0	1	1	0	3	2	3	14	3	2	3	13	4	1	0	15	2	2	1	5	1	0	0	0	0	0	0	1	1	0	0	0	0	1	0	0	0	2	0	1	2	1	0	0	1	0	1	0	0	1	0	1	0	1	0	0	0	0	0	0	0	0	0	1	0	1	0	1	0
0	1	1	0	1	0	1	0	1	1	1	0	2	1	0	2	0	0	0	0	0	0	0	0	0	0	0	0	1	1	0	1	2	1	21	2	2	0	15	1	2	0	15	0	2	2	12	3	0	1	1	1	1	0	0	0	0	0	0	0	0	1	0	1	1	1	0	1	0	0	2	0	0	0	0	1	0	1	0	0	0	0	0	0	0	0	1	1	0	0	0	1	1	0	0	0
1	0	1	0	1	1	2	0	3	1	0	0	1	2	0	1	0	0	0	0	1	0	0	0	0	0	0	2	2	1	1	2	2	2	2	1	1	1	6	1	0	0	2	2	1	4	2	0	0	2	0	0	0	1	2	0	0	1	0	0	0	0	0	1	0	2	1	2	0	2	1	0	1	1	0	1	0	2	1	1	0	0	0	1	0	0	0	4	0	0	0	1	2	0	0	0
0	1	1	0	0	0	0	0	1	0	0	0	2	1	0	4	0	0	0	2	2	0	0	0	1	1	1	1	2	0	0	0	1	4	9	1	4	3	8	0	1	0	13	4	2	2	7	0	1	0	2	0	0	0	0	2	1	1	0	1	0	1	0	0	2	0	0	0	0	3	0	1	0	1	0	2	0	1	0	0	0	0	1	0	0	1	0	1	0	0	0	1	0	0	1	3
0	2	0	1	2	0	1	0	3	0	0	1	3	5	0	4	0	0	0	0	1	0	0	0	0	2	0	0	0	0	0	0	2	3	22	0	0	4	13	4	2	2	24	3	0	2	8	1	0	0	0	0	1	2	2	1	1	0	1	0	0	0	0	1	0	1	0	1	0	0	2	3	0	0	1	0	1	0	0	0	0	0	1	0	0	0	1	0	0	0	1	0	0	0	0	0
5	5	1	5	22	44	24	130	8	16	14	37	6	12	3	19	0	2	2	4	1	2	1	2	0	7	1	1	0	4	0	4	50	29	252	29	37	40	281	25	108	187	627	124	17	21	129	18	2	14	3	7	2	5	3	5	2	11	10	3	6	1	4	3	15	12	33	9	16	19	69	20	55	43	43	29	7	20	22	23	0	4	1	1	2	9	12	13	0	0	2	4	0	4	5	4
2	2	1	5	1	1	1	2	0	4	0	0	2	1	0	2	1	0	0	0	0	0	0	0	0	0	0	0	0	2	0	3	21	31	26	8	24	18	33	13	5	4	29	3	45	75	28	39	0	0	0	0	1	0	0	0	1	0	0	2	0	1	0	1	0	2	0	2	0	4	2	4	1	2	0	0	2	2	0	1	0	0	0	1	0	1	0	0	0	0	0	1	0	0	1	0
3	1	1	2	2	2	1	1	3	0	0	5	2	6	0	5	2	1	0	3	0	2	0	2	1	0	0	0	2	1	0	2	1	1	24	2	1	3	22	1	0	3	17	2	6	2	9	2	0	0	1	1	3	3	2	0	0	3	1	0	1	0	0	1	1	2	1	2	0	3	1	3	0	1	0	1	0	0	2	3	1	0	0	0	0	1	0	2	2	0	6	0	2	0	0	1
4	3	0	1	41	54	30	149	7	10	4	28	5	7	1	18	5	1	1	2	0	1	3	1	2	4	0	1	0	2	0	1	45	49	473	26	25	34	474	16	107	148	581	91	15	27	182	14	1	7	2	7	1	5	2	2	1	7	2	0	1	0	1	1	5	13	30	6	13	22	43	13	24	21	27	17	11	9	11	14	0	1	1	2	0	13	12	9	0	2	2	0	1	4	2	3
0	0	0	2	1	0	0	0	0	1	0	1	1	2	1	2	1	0	0	0	0	0	0	1	0	1	0	0	0	0	1	0	1	1	16	1	1	0	15	1	1	0	12	1	1	2	12	1	0	0	0	0	0	0	0	1	0	0	0	0	0	0	0	1	1	0	1	0	0	1	1	2	0	1	0	1	0	2	0	1	0	0	0	0	0	1	0	0	0	0	0	0	0	1	0	1
1	0	0	0	2	1	0	2	4	2	0	3	1	3	1	2	0	2	0	1	1	0	0	1	1	0	0	0	0	0	0	6	2	3	18	3	0	3	16	2	6	3	19	3	3	1	20	1	0	0	0	1	0	0	0	0	0	0	0	0	0	0	0	1	1	1	2	2	2	3	1	1	4	1	1	4	1	1	1	2	0	0	0	0	0	1	0	2	1	0	0	0	0	0	0	0
0	1	1	0	1	0	1	4	2	1	3	1	1	0	0	2	1	0	0	0	1	0	1	0	1	1	0	1	4	0	0	3	1	2	32	2	4	6	27	2	0	7	23	3	6	4	14	5	0	0	1	0	1	0	1	0	0	0	0	0	0	0	0	1	0	3	0	0	0	3	1	6	0	3	0	4	0	0	1	0	0	0	1	1	0	0	0	7	0	1	0	2	0	0	0	0
0	1	0	0	2	0	0	0	0	0	1	1	1	2	0	0	0	0	0	1	0	0	0	0	0	0	0	0	0	0	0	0	3	2	8	3	1	2	11	4	0	0	7	2	4	2	6	1	3	0	1	0	0	0	1	0	0	0	0	1	0	0	0	1	0	0	1	4	0	3	0	3	0	1	0	2	0	2	0	0	0	0	0	0	0	0	0	0	0	1	1	0	1	0	0	3
1	1	0	2	1	0	1	0	0	2	0	0	2	2	0	1	0	0	1	0	2	1	1	1	1	1	0	1	1	2	1	3	2	2	15	0	0	2	14	1	5	3	11	1	3	0	6	0	3	3	0	1	11	1	18	7	3	0	11	6	1	2	0	3	4	1	0	2	4	3	1	3	2	3	2	7	1	1	0	4	0	0	0	0	2	4	3	3	0	0	2	1	0	0	1	3
1	2	1	1	4	3	2	4	4	6	1	3	4	6	0	2	2	2	1	2	0	0	0	0	3	1	2	0	1	2	0	2	2	2	37	3	5	1	31	4	1	6	31	3	3	7	14	3	1	2	0	2	0	1	1	1	0	0	1	2	1	1	0	1	1	1	1	2	0	2	2	0	0	4	1	5	2	3	0	1	0	0	0	0	0	3	0	1	0	1	0	0	0	1	1	3
4	1	0	0	1	1	0	1	0	1	0	1	0	1	0	2	0	0	0	0	0	0	0	0	0	0	0	0	0	0	2	0	0	0	10	0	0	0	9	1	3	3	8	0	0	3	6	2	0	0	0	0	0	0	0	1	0	0	0	0	0	0	0	0	0	0	2	1	1	1	0	0	0	0	0	1	1	0	0	1	0	0	0	0	1	1	0	0	0	1	1	0	0	0	0	0
0	0	0	0	1	0	1	0	0	2	0	0	0	0	2	2	1	0	1	2	1	0	0	0	1	0	0	0	1	1	0	0	2	0	13	0	1	3	19	3	2	5	16	0	0	2	8	1	0	0	0	1	0	1	0	1	0	0	0	0	0	0	0	0	0	2	0	1	0	4	3	0	0	2	0	1	0	0	0	1	0	0	0	1	0	1	0	1	0	0	0	0	0	0	0	2
2	3	0	0	2	0	2	1	1	0	0	0	0	1	0	2	0	0	0	0	0	0	0	1	0	1	0	2	0	1	0	0	2	1	12	3	3	1	17	2	0	1	11	1	0	2	6	1	0	0	1	0	0	0	0	1	0	0	0	0	0	0	0	2	3	1	1	1	1	2	0	1	1	0	2	1	0	0	2	0	0	0	0	0	0	0	0	0	0	1	0	1	0	0	1	0
0	1	0	0	2	0	0	1	1	0	2	0	2	2	0	1	0	1	0	1	0	0	1	2	0	1	0	2	0	0	0	2	0	1	10	3	1	4	10	2	2	4	4	1	3	6	4	2	1	0	0	2	0	0	0	0	1	1	0	0	0	0	0	0	1	0	0	3	0	3	0	0	1	0	0	0	1	0	0	0	2	0	0	0	0	0	1	0	0	0	0	0	1	0	0	1
3	0	0	3	0	0	0	6	2	0	1	2	1	1	0	4	0	0	0	1	0	0	0	1	1	1	0	2	0	0	1	1	0	2	12	1	2	1	15	2	0	2	9	2	1	0	11	2	0	0	0	0	0	0	2	2	1	0	0	0	0	1	0	2	0	1	0	1	0	3	1	2	0	1	2	3	1	2	1	0	0	0	0	1	0	0	0	0	0	0	0	0	0	0	0	0
2	0	1	0	5	0	0	3	3	3	0	2	3	2	3	5	1	1	0	0	0	1	2	1	1	0	0	0	1	0	0	1	2	1	41	4	0	3	25	2	2	3	33	3	5	4	15	3	0	0	0	0	1	0	0	0	2	0	1	1	0	0	1	1	1	1	0	4	0	1	0	2	1	1	1	0	0	2	0	1	0	0	1	1	0	1	0	0	0	0	1	0	1	1	1	0
10	25	3	149	37	26	12	261	13	38	3	120	399	110	48	2760	9	12	0	6	2	0	0	3	11	9	0	8	0	2	0	5	23	74	268	90	20	44	155	80	49	224	484	237	62	225	1998	375	10	5	1	36	3	23	15	29	1	7	2	9	11	15	10	47	107	150	114	147	32	98	86	90	164	221	86	271	91	238	126	262	37	104	36	404	61	53	89	388	18	37	17	82	101	149	38	1193
5	7	3	21	13	6	4	45	4	20	1	23	254	40	24	1363	3	1	0	0	0	0	0	1	1	0	0	2	0	1	1	0	6	11	64	16	6	11	40	19	17	69	154	77	12	64	802	122	5	0	2	14	0	1	1	4	1	0	0	1	6	1	1	10	26	11	23	22	3	5	24	8	32	56	33	52	16	39	38	48	13	30	13	73	16	9	27	88	4	11	6	27	63	40	20	447
2	1	1	1	3	0	0	1	1	1	0	3	0	0	0	5	0	0	2	0	0	0	0	0	0	0	1	0	0	0	0	0	2	3	20	3	1	4	24	2	1	3	23	1	2	0	15	3	0	0	0	1	0	0	1	0	0	0	0	0	0	0	0	1	0	1	1	2	0	0	1	0	4	1	3	1	1	0	2	1	0	0	1	0	0	0	0	0	0	0	0	0	1	1	0	0
2	2	0	0	3	1	1	0	0	0	0	1	1	2	0	1	0	1	0	0	0	1	0	0	1	1	0	0	0	2	0	2	0	0	19	0	1	0	16	2	2	1	20	2	0	5	6	0	0	0	0	1	1	1	3	1	0	1	0	0	2	0	0	1	0	1	2	0	2	1	1	2	1	0	0	0	1	1	0	2	0	0	0	0	0	0	0	0	1	0	1	1	0	0	0	3
3	1	0	0	1	1	0	2	1	1	0	1	5	2	0	1	2	2	0	0	1	0	0	1	0	0	0	2	2	1	0	1	1	2	20	0	3	4	17	1	2	2	22	3	2	3	9	1	0	0	0	0	1	1	1	3	0	0	0	0	1	2	0	0	0	0	2	1	0	1	0	3	0	2	0	2	0	0	0	1	0	0	2	1	0	0	0	0	0	0	0	0	0	0	2	3
5	2	0	5	11	5	3	0	8	2	0	6	3	3	0	6	0	0	1	1	1	3	2	1	0	3	2	1	0	2	2	3	5	3	23	4	2	2	26	3	2	8	19	5	1	4	12	3	0	1	1	0	0	0	0	2	0	0	0	0	0	1	0	0	1	2	0	2	1	5	0	2	0	0	1	6	2	1	0	0	0	0	1	0	0	0	1	1	0	1	0	1	0	1	1	3
17	15	7	5	29	55	31	60	24	37	17	36	15	28	8	31	7	7	2	26	12	6	9	13	14	66	21	22	16	17	5	34	115	225	305	58	177	221	383	128	272	484	899	199	258	328	283	276	77	89	33	43	34	54	58	32	33	44	25	20	58	51	32	42	56	17	31	25	45	22	53	29	82	59	60	55	38	44	39	36	1	6	3	5	2	7	7	8	5	4	4	5	1	4	10	6
0	2	1	1	3	0	1	2	4	1	1	3	1	3	1	2	0	2	0	1	2	0	0	0	0	0	0	0	2	1	0	1	3	5	40	1	5	4	29	2	0	2	21	3	7	10	12	7	0	0	0	1	0	1	0	2	0	0	1	0	1	0	0	0	0	0	1	3	1	0	4	3	0	2	2	0	1	3	0	2	1	0	0	1	0	0	0	5	0	0	0	1	0	0	0	0
1	1	0	1	0	0	0	0	0	1	0	0	0	0	0	0	0	1	0	2	0	1	1	0	0	1	0	1	2	1	0	0	2	2	18	2	3	1	7	0	2	2	9	2	1	2	8	2	0	1	0	1	0	1	0	2	1	2	0	0	0	1	0	0	0	0	0	1	0	0	0	0	0	0	0	2	0	2	0	0	0	0	0	1	0	0	0	0	0	0	0	0	0	0	1	0
3	0	0	2	20	19	9	59	5	6	3	13	4	7	1	10	2	2	0	3	0	0	0	0	2	4	0	0	0	0	0	2	16	11	118	11	4	10	154	11	27	46	162	29	6	9	53	2	0	2	0	8	1	5	0	1	1	5	3	2	1	2	3	0	19	6	17	3	11	19	40	10	23	6	28	9	7	6	8	12	0	1	1	1	1	3	4	5	0	0	0	1	0	0	1	0
4	3	1	1	2	1	1	2	1	1	0	1	3	2	0	5	1	0	0	1	0	0	0	3	1	0	0	1	1	0	0	3	2	2	22	4	3	3	21	1	3	4	30	2	2	5	17	1	0	2	0	1	0	0	1	2	0	0	2	1	2	1	0	2	2	2	1	2	1	1	0	1	2	5	0	0	1	0	1	2	0	0	0	0	0	0	2	1	0	0	0	0	1	1	1	1
0	0	1	3	0	2	0	1	0	0	0	2	0	0	0	2	0	0	0	2	0	0	0	0	0	0	1	0	0	0	0	1	2	0	29	0	3	0	24	2	2	1	22	2	1	2	8	2	0	0	1	1	0	0	0	1	0	0	0	0	0	0	0	0	0	0	2	0	0	1	2	2	2	1	1	1	0	0	0	2	0	0	1	0	1	0	0	0	0	0	0	0	0	0	0	1
0	4	2	8	10	33	16	53	6	6	8	15	3	8	4	22	6	1	0	1	0	0	0	1	0	6	0	4	1	2	0	2	52	28	222	13	15	17	213	16	76	118	295	49	11	15	92	9	3	4	2	7	0	3	1	0	1	5	1	5	4	2	1	2	21	15	34	5	11	16	55	12	44	18	25	26	12	11	23	15	1	1	0	1	2	5	5	4	0	0	2	2	2	1	2	4
5	2	2	7	16	32	11	69	7	9	1	18	2	8	2	14	0	3	0	6	2	0	1	0	0	6	0	3	0	3	0	3	36	24	125	13	12	19	120	14	57	90	213	55	9	8	59	8	0	3	1	9	0	6	3	2	0	0	2	3	1	0	0	3	24	17	41	10	11	20	57	12	23	26	30	14	15	8	11	18	0	2	0	1	0	8	8	14	0	1	2	7	1	4	2	4
2	1	0	0	4	1	1	0	1	0	2	2	3	0	0	2	0	0	0	1	0	0	1	1	1	0	0	1	0	0	0	1	2	2	31	2	3	2	23	1	1	2	34	1	4	1	20	3	1	1	0	0	0	1	0	0	0	0	1	0	0	0	0	0	1	1	0	1	1	3	1	2	1	2	1	0	0	1	0	1	0	0	0	0	0	0	0	1	0	0	1	0	1	0	0	1
0	1	0	2	1	1	0	1	0	3	1	1	1	3	1	0	1	0	0	1	0	1	0	0	0	1	0	0	0	0	0	0	2	2	14	2	0	0	8	2	2	0	9	2	2	0	8	0	0	0	0	1	0	1	0	0	1	0	0	0	0	0	0	0	0	1	1	1	0	0	2	1	2	1	0	1	1	0	0	1	0	0	0	0	0	0	0	2	0	0	0	0	0	0	0	1
3	1	0	2	1	1	1	1	6	0	0	2	1	2	2	7	1	0	0	1	0	0	0	1	0	0	0	2	0	0	0	1	7	4	24	5	6	4	26	6	3	5	36	3	4	7	18	4	0	1	1	1	0	0	1	0	0	0	0	0	0	0	0	0	2	1	3	2	0	1	1	1	1	1	0	1	2	1	0	3	0	1	0	0	0	0	2	1	0	1	2	0	0	0	0	0
2	0	0	7	11	46	22	84	6	9	8	21	2	1	2	9	3	2	0	3	1	1	0	0	2	7	0	1	2	1	0	1	19	16	185	21	16	17	157	16	39	71	220	53	8	16	65	10	0	6	0	3	1	5	2	2	1	4	0	1	2	2	1	3	17	12	25	5	11	14	48	8	23	20	20	15	9	12	16	11	0	1	1	5	2	8	9	10	1	0	0	5	0	1	0	1
1	1	1	2	0	1	1	2	9	2	0	3	3	3	1	6	1	0	0	1	1	0	0	0	0	0	0	0	0	1	0	0	3	2	31	0	3	3	28	1	3	1	24	2	3	1	16	2	0	0	0	1	1	0	1	2	0	0	0	2	0	0	0	1	0	1	0	1	1	1	0	3	2	2	3	1	0	1	2	2	0	1	0	1	1	0	1	0	0	2	1	0	1	2	2	0
2	2	0	2	6	12	6	44	2	3	1	7	1	3	0	11	0	0	0	2	0	0	1	0	1	2	0	2	0	1	0	2	11	12	163	4	5	8	151	6	22	48	245	28	4	9	68	4	0	0	1	1	1	1	1	2	1	2	1	1	1	1	0	2	2	6	7	0	1	8	12	6	6	1	7	4	2	4	9	5	0	0	0	2	0	5	2	3	0	1	1	0	0	0	1	1
2	0	0	0	1	0	0	0	2	2	0	1	3	1	0	2	1	0	1	0	0	0	0	0	0	0	0	0	2	0	0	0	0	2	23	0	3	3	17	2	1	1	28	0	1	4	5	4	0	0	0	0	0	0	0	0	1	0	1	1	0	0	0	0	1	0	1	2	0	0	1	1	2	1	0	0	0	1	0	1	0	0	1	0	0	0	1	0	0	0	0	0	0	1	0	2
0	2	0	1	0	0	0	1	3	0	0	2	2	1	0	3	0	1	0	0	0	0	0	0	1	0	0	0	1	1	0	0	1	1	11	1	4	2	10	0	0	2	11	0	3	0	4	1	0	0	0	0	0	0	0	0	0	0	1	0	0	0	0	0	0	1	0	2	0	1	0	1	0	2	1	0	0	1	1	2	1	0	0	0	2	0	0	0	0	0	0	0	0	1	1	0
2	0	0	1	3	0	0	0	2	1	1	1	3	4	1	4	0	0	0	3	0	0	0	0	0	0	0	0	0	1	0	1	2	1	16	0	4	0	21	2	1	0	12	1	0	2	3	2	0	0	0	0	0	0	0	0	0	1	0	0	1	1	0	2	2	0	1	1	0	1	0	3	0	2	0	2	0	1	0	2	1	1	0	0	0	0	0	1	1	0	1	0	1	0	0	1
0	0	1	0	0	0	0	0	2	0	0	0	1	2	0	2	0	2	0	0	0	2	1	0	0	0	0	1	0	0	1	0	3	3	22	1	2	0	14	2	1	1	29	1	1	2	7	0	0	2	0	0	0	0	0	0	0	1	1	0	0	0	1	0	1	1	1	1	2	0	2	1	1	1	0	0	0	0	1	1	0	1	0	1	0	1	0	1	0	0	0	0	0	0	0	1
0	1	0	0	2	1	2	0	2	0	1	2	3	3	0	5	0	0	1	0	1	1	0	0	1	1	0	2	2	1	1	0	1	1	27	3	0	2	25	2	5	3	22	3	1	1	17	3	0	0	0	0	0	0	0	0	1	2	0	0	0	1	1	0	0	3	1	2	0	1	0	0	1	3	0	2	0	2	0	1	0	0	0	0	0	1	1	0	0	0	0	0	0	0	2	0
2	1	0	2	2	1	0	3	1	1	3	0	0	1	4	1	3	1	0	2	1	1	0	0	2	2	0	2	2	2	0	5	1	0	32	0	6	3	25	3	3	3	22	1	4	3	10	3	0	0	1	2	0	2	1	4	0	0	0	0	0	1	1	2	1	0	1	3	0	2	1	2	1	3	1	2	1	0	0	3	1	0	0	0	1	1	0	0	2	0	0	0	3	0	1	3
1	3	0	0	3	2	1	1	0	1	0	1	1	0	0	4	0	0	1	1	1	2	1	0	0	0	0	0	0	1	0	1	1	0	17	0	2	1	12	1	3	2	14	1	1	1	4	0	0	0	1	1	0	0	1	0	0	0	0	0	0	0	1	0	0	0	0	2	0	0	0	0	0	0	0	1	4	1	0	0	0	0	0	0	0	0	0	0	0	0	1	0	0	0	0	1
3	4	1	1	1	2	0	2	0	2	2	1	2	5	0	2	1	1	0	2	0	2	0	1	0	2	1	3	2	3	1	5	3	2	36	6	3	3	22	5	1	2	33	7	9	5	30	4	0	0	0	0	0	2	1	1	0	0	1	1	0	2	1	2	3	0	2	0	0	0	1	3	4	3	0	1	0	3	0	2	0	0	1	0	0	0	2	1	0	0	2	1	1	1	0	1
1	0	0	0	1	0	2	0	1	2	2	1	1	0	1	2	0	0	0	0	0	1	0	0	2	0	0	0	0	0	1	1	1	2	23	3	4	2	25	0	1	0	18	2	2	1	14	1	0	2	0	0	0	0	1	0	0	0	0	0	1	0	1	3	1	0	0	0	2	2	1	1	0	0	0	4	1	1	4	2	1	0	0	2	0	1	2	2	0	0	0	0	0	0	1	2
3	0	0	1	2	1	3	0	5	2	1	6	1	1	0	3	0	0	0	0	1	0	1	0	0	0	0	0	3	0	1	1	3	2	20	0	2	3	24	4	0	2	25	2	2	2	17	2	0	1	0	0	0	0	0	0	1	0	0	0	0	0	0	0	0	0	0	1	0	3	3	1	1	0	0	0	0	1	0	0	0	0	0	1	0	0	0	1	0	0	0	0	0	0	0	0
5	3	0	4	18	42	19	90	8	8	4	17	6	10	3	10	2	2	1	3	1	0	0	2	0	8	0	3	1	1	0	2	33	31	123	9	11	19	123	22	72	105	249	56	14	19	60	13	4	7	0	5	0	6	4	6	4	3	2	3	3	1	1	3	31	14	47	10	25	30	49	23	100	40	67	43	27	26	19	15	0	5	0	5	1	11	16	14	1	0	4	5	0	3	4	9
2	0	0	1	1	0	0	1	0	1	1	3	0	1	1	1	1	0	0	1	0	2	2	3	0	0	0	0	3	0	0	1	3	1	27	1	2	2	16	2	0	3	17	2	2	2	9	0	0	0	0	0	0	1	0	0	0	0	0	0	0	0	0	0	1	2	3	1	0	1	2	1	1	0	0	0	2	0	0	2	0	1	0	1	0	1	2	2	0	0	3	1	0	0	0	2
2	1	0	1	0	0	0	1	0	1	0	1	3	2	2	1	0	0	0	0	0	0	0	0	0	0	0	0	0	2	0	0	2	1	8	1	1	1	16	2	0	2	11	2	2	1	8	1	0	0	0	0	0	0	0	0	0	0	0	0	0	0	0	0	1	2	0	2	0	1	0	1	0	0	0	0	0	0	1	0	0	0	0	1	0	0	0	0	0	0	0	0	1	0	0	2
3	6	0	2	6	4	2	1	3	10	5	3	1	5	2	4	0	2	1	2	1	7	1	2	1	7	1	3	2	2	0	4	2	4	22	1	6	5	19	10	3	4	26	6	4	5	12	2	0	1	3	2	0	0	1	1	0	2	0	0	2	0	1	1	2	5	4	1	1	2	3	2	1	2	4	3	0	0	1	0	1	0	0	1	0	0	1	1	1	0	2	0	0	4	2	3
0	1	1	2	1	1	2	3	2	0	1	0	4	0	0	4	1	0	0	0	0	0	0	0	0	0	0	2	0	0	0	2	2	2	13	2	0	2	13	0	3	3	13	4	3	2	9	2	0	0	0	0	0	0	0	2	0	0	0	1	1	3	1	1	0	1	0	1	0	0	4	0	1	0	1	1	2	0	2	0	1	0	0	0	1	0	1	1	0	0	0	0	1	1	0	1
2	1	0	2	0	0	0	1	7	2	2	1	0	0	1	1	0	0	0	2	1	0	0	1	0	0	0	0	0	0	0	3	3	2	20	0	4	1	24	1	0	6	12	1	0	3	9	4	1	2	0	1	0	1	0	0	1	1	0	0	1	0	1	2	0	2	0	0	0	0	0	4	0	1	0	1	0	0	1	1	0	0	0	0	0	0	1	0	0	0	0	0	1	0	0	1
2	0	0	1	2	12	3	38	2	0	1	3	2	2	1	5	0	1	0	1	0	0	0	0	0	2	0	2	0	1	0	0	12	6	358	7	7	7	312	7	33	29	308	19	5	4	148	4	0	3	3	3	1	2	0	0	0	0	1	0	0	1	0	1	5	0	6	1	1	7	13	7	11	11	4	4	6	3	5	2	1	2	0	0	0	1	2	2	1	0	2	0	0	1	2	1
1	2	0	0	1	1	1	1	4	4	0	1	3	2	1	1	0	0	0	0	0	0	0	2	0	0	0	1	1	0	0	4	3	2	19	1	0	3	22	2	0	0	15	2	3	5	13	1	0	0	1	0	1	1	1	0	0	0	0	0	0	0	0	0	0	0	0	3	1	1	1	0	2	0	0	1	0	0	1	0	0	0	1	0	0	0	0	1	1	0	0	0	0	0	0	0
2	1	0	0	1	0	1	2	2	1	0	3	2	2	1	1	2	0	0	0	0	0	0	0	0	0	0	0	0	0	0	1	2	0	10	1	4	2	7	2	0	0	11	0	1	2	8	2	0	1	0	2	0	0	0	0	1	0	1	0	0	1	0	0	2	1	2	4	0	1	1	0	0	3	0	1	0	1	0	1	0	0	0	0	0	0	0	0	0	0	0	0	0	0	0	4
2	4	1	2	4	16	0	3	2	4	0	0	2	1	0	4	1	0	0	0	1	0	0	1	0	2	1	0	1	2	0	1	1	2	22	2	2	6	11	2	0	5	14	3	2	3	6	2	1	0	0	0	0	0	0	1	0	0	0	1	0	1	0	2	1	0	2	3	1	1	0	1	1	2	0	3	0	0	0	1	0	0	0	0	0	0	0	0	0	0	0	0	0	0	0	1
2	2	0	0	1	2	2	1	6	1	1	0	3	1	0	5	1	1	0	1	0	0	0	0	0	0	0	0	1	0	0	2	1	2	11	0	3	2	8	0	0	3	24	5	5	1	12	2	0	0	0	0	0	0	1	1	1	0	0	0	1	0	0	0	0	0	0	0	0	1	1	0	1	0	0	3	0	0	0	1	0	0	1	0	0	0	1	0	0	0	0	0	0	0	0	0
1	0	0	0	1	0	0	1	2	1	0	1	1	4	2	2	0	0	1	0	0	0	0	0	0	0	0	1	0	2	0	0	2	4	14	1	2	0	16	2	0	1	14	0	0	2	8	2	0	1	0	2	0	1	1	0	0	0	0	0	0	0	1	0	0	0	2	1	2	0	1	1	0	0	0	0	0	0	0	0	0	0	1	1	0	0	0	0	0	0	0	0	0	0	0	0
1	1	0	0	7	9	2	6	5	3	2	4	3	2	0	3	0	3	0	0	0	1	0	0	1	1	0	0	3	3	1	6	8	3	35	6	6	4	28	5	6	10	38	8	3	1	17	6	0	0	0	1	0	0	0	0	0	2	0	0	1	0	1	0	2	6	4	2	3	7	4	5	2	3	3	3	0	3	4	2	0	0	0	0	1	0	0	1	0	0	0	0	0	0	0	1
3	2	0	0	4	0	0	1	5	4	2	0	1	1	0	3	0	0	0	0	0	0	0	0	0	0	0	0	0	1	0	1	2	1	21	3	3	4	15	0	3	4	19	3	2	1	8	0	0	1	0	3	0	1	0	0	0	1	0	0	0	1	0	0	1	0	1	2	1	0	3	2	3	1	0	1	0	0	0	0	0	0	1	0	0	0	0	1	0	0	0	1	0	1	0	0
0	0	0	0	1	1	1	2	0	1	1	0	2	0	0	1	0	0	0	0	1	2	0	0	0	0	0	0	0	2	0	3	3	8	9	0	8	2	28	2	3	1	18	1	5	3	8	3	0	0	1	0	1	1	1	0	0	0	0	0	0	1	0	0	1	0	0	0	0	2	2	1	0	0	1	1	0	1	0	1	1	0	0	0	0	0	0	2	1	0	1	0	0	2	0	0
5	3	1	3	16	26	6	72	6	4	1	12	2	2	5	12	1	4	0	4	0	1	0	1	1	2	1	6	2	1	1	2	28	22	204	11	21	13	235	13	46	62	249	50	12	9	84	7	0	2	0	5	0	2	2	3	2	1	2	1	5	0	2	2	13	9	26	5	9	14	37	9	23	10	23	14	5	10	12	14	1	1	0	1	3	4	7	8	1	0	0	4	3	2	4	3
3	1	1	0	1	1	0	0	3	0	0	1	1	2	0	2	1	0	0	0	0	0	0	1	1	0	0	1	1	0	0	1	4	2	18	0	1	4	18	5	2	2	21	1	4	3	15	4	0	1	1	1	0	1	3	0	0	0	1	0	0	0	0	1	0	0	1	3	0	1	0	4	0	0	1	1	0	0	0	0	1	0	1	0	0	1	0	1	2	1	1	0	0	0	0	0
2	1	0	2	3	15	15	36	1	3	0	3	0	1	1	3	0	3	0	1	0	0	0	0	0	3	2	0	0	0	0	3	25	11	173	6	17	6	151	5	32	54	203	38	11	8	79	2	0	3	1	3	0	1	1	1	0	2	2	3	0	0	0	2	11	8	17	3	4	9	32	10	12	14	15	11	2	8	8	6	0	0	1	0	0	3	4	6	1	0	0	2	0	1	0	2
0	2	0	0	3	2	1	3	2	0	3	1	0	4	0	1	0	0	0	1	0	1	0	0	0	0	0	1	0	1	0	1	0	3	7	5	5	0	19	3	0	0	18	1	0	5	5	1	0	0	0	0	0	0	1	0	0	1	1	1	0	0	0	1	2	1	1	2	2	3	1	2	1	5	1	1	1	2	0	0	0	0	0	0	0	3	0	1	0	0	2	0	0	0	0	1
0	1	0	1	1	1	1	3	0	1	3	2	3	2	0	2	0	0	0	0	0	0	0	0	1	1	0	0	0	0	0	0	1	6	18	3	3	0	18	3	2	2	24	3	2	1	10	0	0	1	1	0	0	0	1	3	0	0	1	1	0	0	0	0	1	1	0	0	0	2	0	3	0	1	0	2	0	0	0	1	0	0	1	0	0	0	1	0	0	0	0	0	0	0	0	1
2	1	1	1	2	0	0	2	3	1	1	2	0	2	1	8	0	1	0	1	0	0	0	0	1	0	0	0	0	0	1	0	0	2	26	0	7	5	20	4	1	2	34	4	2	2	12	2	0	0	1	1	0	1	1	0	0	1	1	1	0	1	0	1	1	0	0	4	1	2	0	2	0	1	1	1	0	3	1	2	0	0	1	0	0	1	1	1	0	0	1	1	0	1	0	0
1	0	0	1	1	1	0	0	4	2	1	2	2	1	1	4	0	0	0	1	0	0	1	0	0	0	0	0	0	1	0	0	3	3	26	1	5	3	32	3	3	2	29	5	2	4	11	5	0	2	1	0	0	0	0	0	0	0	0	0	0	0	0	0	0	3	0	3	3	4	0	1	1	2	1	3	1	1	0	4	0	0	1	0	0	0	1	0	0	0	1	0	0	1	1	2
0	0	0	0	1	0	0	0	0	0	0	1	1	1	1	1	1	0	0	0	0	0	0	0	0	0	0	0	1	0	0	0	1	2	8	1	4	4	10	0	2	2	17	1	3	1	3	1	0	0	0	1	0	1	2	0	0	0	1	0	0	0	0	1	0	5	1	5	3	5	0	12	1	2	0	3	0	4	0	5	0	0	0	0	0	0	1	0	0	0	0	0	0	0	0	2
1	2	0	0	2	1	0	0	1	0	1	1	3	0	1	0	0	0	0	0	0	0	1	1	0	0	0	0	1	0	0	0	2	1	19	1	2	4	15	2	0	0	15	1	2	2	14	1	0	0	0	1	2	0	1	0	0	0	0	0	0	1	0	0	2	1	0	3	0	0	1	1	1	1	1	1	2	1	0	0	0	0	0	1	0	0	0	0	0	0	0	0	0	1	0	0
1	2	0	1	1	0	3	0	4	2	0	2	1	1	1	3	0	1	1	0	1	0	0	1	0	1	0	0	0	0	1	1	1	0	18	3	1	7	19	1	1	2	22	5	1	4	8	1	0	0	1	0	0	0	0	0	0	0	0	0	0	0	0	0	0	1	2	1	0	2	0	0	1	2	0	0	2	0	0	0	0	0	0	0	0	0	1	0	1	0	0	0	0	0	0	3
0	3	0	3	2	2	3	1	5	3	0	0	3	2	0	4	0	1	0	1	1	0	1	0	1	0	0	1	0	2	0	1	4	2	17	2	3	2	27	0	3	1	11	7	2	2	12	0	1	0	0	0	0	1	2	2	0	1	0	0	0	0	0	0	0	2	3	2	1	2	3	1	1	2	1	2	0	1	0	2	0	0	1	0	1	0	1	3	0	0	0	0	0	0	0	0
1	3	0	0	1	1	0	0	4	0	0	2	2	1	0	1	1	0	0	0	1	1	0	2	0	0	1	1	2	0	2	1	0	2	28	1	6	2	18	2	3	2	17	3	3	4	11	0	0	0	0	0	1	0	1	1	0	0	0	1	0	0	0	1	1	3	1	3	2	1	0	3	1	3	4	0	0	2	1	0	0	0	0	1	0	0	0	3	0	0	0	1	0	0	0	1
1	4	0	1	3	1	0	0	3	2	1	2	2	2	0	2	1	0	0	0	1	0	0	0	0	1	0	0	2	1	0	3	1	1	27	0	1	3	21	3	1	3	27	1	7	1	15	3	0	0	0	1	0	1	2	2	0	0	0	0	0	1	1	2	1	0	1	4	0	1	0	2	0	1	0	1	0	1	0	3	1	0	0	0	0	1	0	2	0	0	0	1	0	0	0	2
1	2	0	0	2	0	0	0	1	0	0	1	0	1	1	0	0	0	0	0	0	1	0	1	0	0	0	0	0	1	1	0	2	1	11	1	2	4	12	2	2	2	12	1	1	1	10	3	0	0	0	0	0	0	0	1	0	1	0	0	0	1	0	1	0	0	0	1	0	0	1	1	1	0	1	3	0	1	0	0	1	1	0	0	0	0	0	0	0	0	0	0	0	0	1	2
0	0	0	1	1	0	0	1	3	1	1	1	1	0	2	4	1	1	0	1	0	0	0	1	0	1	0	2	0	0	1	2	1	2	18	1	2	0	24	1	3	5	27	5	3	0	15	0	1	0	0	0	0	0	1	0	0	0	0	0	0	1	0	0	1	1	0	2	1	0	2	2	0	0	0	0	0	4	0	0	0	0	1	0	0	0	1	0	0	0	0	0	0	2	0	0
2	3	1	5	15	15	10	54	1	2	1	10	2	3	1	6	4	1	1	3	0	1	1	2	1	1	0	1	0	0	0	2	18	15	190	15	7	19	179	11	50	78	215	41	5	10	67	2	1	1	0	9	0	4	3	1	2	6	1	3	0	1	0	1	11	13	17	2	6	7	33	8	14	7	25	8	6	10	9	7	1	1	0	0	0	7	7	5	0	0	0	0	0	2	1	1
6	2	0	0	4	1	1	2	6	2	3	2	3	1	0	6	0	2	1	2	1	0	1	1	1	0	1	0	4	0	0	3	3	4	36	2	3	1	36	6	3	5	33	4	3	7	18	7	0	1	0	1	2	1	3	0	0	2	3	1	1	0	0	0	1	1	1	0	0	2	1	3	1	1	0	3	0	0	2	2	0	0	0	0	0	2	2	4	0	0	0	2	1	0	1	1
0	0	1	0	1	1	0	2	0	0	2	1	4	3	2	3	0	0	0	1	0	0	1	2	0	1	0	0	3	4	0	3	2	1	17	3	1	2	17	0	2	1	22	0	10	3	14	3	0	1	1	1	0	0	0	0	1	0	2	0	0	0	1	0	1	0	1	3	2	1	0	1	0	0	2	0	0	0	2	0	1	0	0	1	1	1	1	4	0	0	2	0	0	0	0	2
3	2	1	0	4	2	0	3	2	3	1	4	5	2	1	3	0	2	0	1	0	2	1	3	0	2	0	0	2	2	0	7	5	3	26	3	5	5	17	6	4	7	14	2	2	5	18	2	0	1	2	1	3	3	2	2	0	1	1	2	3	5	0	2	1	0	2	1	2	2	2	2	2	2	0	0	6	2	0	2	0	0	0	1	2	1	1	2	1	0	0	1	2	1	0	2
5	4	0	3	5	3	0	2	1	2	2	2	4	7	2	4	1	0	0	0	1	2	1	4	0	2	0	0	1	1	1	3	3	4	28	4	2	2	14	4	6	1	17	4	4	3	12	2	0	2	0	0	1	3	3	0	0	0	1	0	0	0	1	1	0	2	0	1	0	1	2	0	1	0	0	2	0	1	0	0	0	0	0	0	0	1	3	5	1	1	4	1	0	1	0	2
1	3	0	3	6	2	0	2	5	5	4	6	6	2	1	6	2	0	0	0	0	2	0	4	0	0	0	0	5	4	1	4	1	3	19	3	3	0	19	4	3	3	17	6	10	5	11	4	0	0	0	0	0	2	0	0	1	0	1	0	2	0	0	2	1	1	0	3	1	0	0	2	2	4	1	0	1	4	1	2	0	0	2	0	0	0	2	4	2	0	1	2	3	1	1	0
2	1	1	1	1	1	0	2	3	1	0	1	1	4	1	0	2	1	0	3	2	1	0	0	0	1	0	1	0	0	0	3	2	2	15	1	1	1	12	0	3	1	26	3	2	0	8	3	0	0	0	1	0	0	2	0	0	0	0	0	0	0	2	4	1	1	1	1	0	2	2	3	3	5	0	0	0	1	0	0	0	2	0	0	0	0	0	0	1	0	0	0	0	0	0	0
0	1	0	0	0	2	0	2	4	2	2	2	4	4	2	6	0	0	1	1	1	0	0	0	0	0	0	1	0	0	0	0	0	1	25	0	3	1	19	1	0	2	19	1	1	1	16	1	0	2	0	0	0	1	1	0	0	0	0	0	0	0	0	0	4	1	1	0	0	2	2	1	1	0	0	0	1	1	0	1	0	0	0	0	0	1	0	1	0	0	0	0	0	0	0	0
1	1	1	1	1	1	0	1	4	0	0	1	1	3	0	1	0	1	0	2	0	0	0	0	0	0	0	2	0	0	0	0	4	3	25	2	2	2	20	4	1	3	37	2	4	3	16	7	0	0	0	4	0	0	0	0	0	0	0	2	0	1	0	2	1	2	2	2	1	1	2	1	1	0	1	3	0	0	0	1	0	0	0	1	0	1	2	1	0	0	0	1	0	1	0	1
1	1	0	1	2	2	1	1	0	2	2	1	4	0	0	3	0	2	1	2	1	1	0	2	1	1	0	0	1	0	0	1	1	2	16	2	1	0	11	0	2	2	12	2	4	3	8	1	0	1	3	2	0	0	0	2	0	1	0	1	0	1	0	1	1	1	2	0	1	1	1	3	0	2	1	3	1	0	0	3	0	0	0	1	0	0	1	1	0	0	0	1	1	0	1	0
5	5	4	4	13	26	19	75	11	18	15	22	4	8	2	18	1	0	1	5	0	0	1	3	1	1	2	0	1	0	0	2	29	21	145	14	13	14	160	14	48	96	369	54	8	3	95	4	2	2	1	3	1	4	4	2	2	5	2	2	3	1	0	4	6	6	11	2	1	15	24	5	13	15	12	5	4	5	11	3	0	3	2	0	1	3	14	11	0	7	1	11	1	1	0	5
0	1	1	0	0	0	0	1	2	1	1	0	0	1	0	1	0	0	0	0	0	0	0	1	0	0	0	1	2	2	0	2	2	1	24	0	1	0	17	1	1	1	20	2	2	1	8	0	0	0	0	0	0	1	2	0	0	0	0	0	0	0	1	0	2	1	2	0	0	2	2	2	0	1	0	0	0	0	0	2	0	0	0	1	0	0	1	0	1	0	0	0	0	0	0	1
1	4	2	0	2	1	0	1	0	0	1	0	2	2	0	3	0	0	0	0	1	0	0	0	0	0	1	0	1	2	0	1	2	0	15	2	3	2	8	1	1	1	16	0	2	0	6	0	2	0	0	0	0	0	0	1	0	0	0	1	0	1	2	0	0	0	0	1	2	0	0	0	0	0	0	1	0	0	0	0	0	0	0	0	0	0	0	1	0	0	1	0	0	0	0	0
1	1	2	0	1	1	0	0	2	2	1	0	3	1	0	3	0	0	0	0	0	0	0	2	0	0	0	1	2	1	0	1	1	2	22	0	3	1	12	0	3	3	27	2	6	4	10	2	0	0	0	1	0	0	1	2	0	1	1	1	0	0	0	0	1	2	2	2	0	1	0	1	0	2	0	2	0	0	0	1	0	0	0	1	0	0	1	0	0	0	1	0	0	0	0	0
0	0	1	0	1	0	0	0	1	0	2	1	2	0	3	1	0	0	0	0	1	0	0	3	1	1	0	2	1	1	1	6	3	4	21	1	3	1	16	4	2	4	25	0	3	3	10	1	0	0	0	0	0	1	1	0	1	0	0	0	0	1	0	0	1	0	1	2	0	0	0	0	0	2	0	4	1	0	0	1	0	0	1	0	0	0	2	3	0	0	0	0	1	0	1	0
1	2	0	3	4	5	0	1	4	0	0	1	2	2	1	4	1	3	0	2	2	0	0	0	2	1	0	0	0	1	0	3	3	1	27	3	4	1	26	3	0	6	16	1	2	5	12	5	0	1	1	1	4	0	1	2	0	2	0	1	1	0	3	1	1	2	0	0	1	2	1	4	2	1	0	1	0	2	0	1	1	1	0	0	0	1	1	3	0	1	0	0	2	1	1	2
0	1	0	0	2	2	1	0	3	2	0	0	2	3	1	2	1	0	0	3	2	0	1	0	0	0	0	0	2	1	1	5	1	2	17	3	0	1	25	2	0	2	16	3	4	4	9	1	1	0	0	0	0	0	1	0	1	0	0	0	0	2	0	5	0	1	2	4	0	2	1	2	1	2	1	1	2	1	1	1	0	0	2	3	1	0	0	0	0	0	0	2	2	0	1	2
0	2	2	6	6	24	9	40	1	4	1	8	0	2	0	11	0	2	0	1	0	0	1	2	0	1	0	1	0	0	0	0	13	7	81	8	1	11	79	8	26	44	126	32	5	10	35	5	0	3	2	4	0	2	0	3	0	3	0	1	2	0	0	0	13	14	18	5	8	9	42	6	37	16	13	12	11	9	10	6	1	0	1	1	1	0	4	6	0	0	1	2	0	0	0	2
3	4	0	7	22	56	24	113	7	15	9	21	3	17	6	29	3	1	1	1	0	1	0	1	0	2	1	0	1	1	1	2	38	30	196	21	14	27	196	24	68	141	499	88	25	33	95	9	5	9	1	14	2	4	1	1	0	8	3	2	1	2	0	6	15	11	25	5	6	6	24	9	22	23	19	14	5	13	22	10	1	3	2	3	4	2	10	5	0	2	2	5	0	2	2	4
0	1	1	3	5	4	2	5	3	0	1	4	4	1	0	2	1	0	0	1	1	0	0	0	0	2	0	0	1	2	0	4	2	3	10	2	3	3	17	1	2	1	17	1	6	8	9	2	0	0	1	0	1	0	0	3	0	1	0	0	1	0	2	0	1	3	3	0	2	2	1	1	1	0	0	2	2	0	1	1	1	0	0	0	0	2	0	2	0	0	0	1	1	1	0	2
2	4	0	6	10	16	12	44	5	13	4	33	5	5	5	21	1	5	0	0	0	0	1	0	1	1	1	3	1	1	1	1	25	15	148	9	15	17	126	20	54	137	490	76	13	25	75	23	1	11	1	4	0	1	0	0	1	9	2	3	3	2	0	0	3	10	8	0	3	11	10	3	10	19	14	6	7	8	4	4	0	0	1	0	0	4	4	8	0	2	3	7	0	0	2	1
1	0	1	4	7	1	1	2	5	0	1	5	5	6	1	4	0	0	0	0	0	1	0	2	0	2	1	0	1	1	1	2	5	7	29	6	9	11	23	10	2	5	38	9	6	5	20	8	0	2	0	2	1	2	1	8	0	1	1	0	2	1	0	0	1	3	0	1	2	6	4	20	3	2	4	1	1	4	1	0	2	1	0	7	0	4	4	46	1	1	2	12	0	1	2	10
4	3	0	1	3	6	1	3	2	3	0	2	0	3	1	5	1	0	3	3	2	0	0	1	0	1	0	1	0	2	0	3	3	2	14	2	2	4	12	2	1	4	14	1	2	2	7	1	0	0	0	1	1	1	4	2	2	1	1	1	2	0	0	0	0	2	0	0	4	1	0	6	2	0	0	1	3	1	0	1	0	1	0	0	1	0	2	3	0	0	0	1	2	0	1	5
3	1	0	1	2	0	0	3	5	1	0	1	1	3	1	0	0	0	1	0	2	1	1	2	0	2	0	0	1	0	0	3	0	2	27	0	2	2	15	3	1	2	19	3	2	3	13	1	0	0	0	1	0	0	0	1	0	0	0	0	1	1	1	1	0	1	0	0	0	0	0	3	0	2	0	0	0	0	1	1	0	0	1	0	0	0	0	0	0	0	0	1	1	0	0	1
1	6	0	1	1	1	3	3	5	3	1	4	4	4	2	4	1	1	1	0	1	1	0	1	0	0	1	1	2	1	0	4	1	1	27	2	3	7	28	5	6	5	25	1	4	2	20	6	0	1	1	0	1	0	2	0	1	0	0	1	0	4	1	0	3	1	2	3	0	4	1	2	0	0	1	1	1	1	1	2	1	0	0	2	0	0	0	3	0	0	0	1	0	0	0	2
2	1	1	2	1	3	0	2	5	3	0	2	6	1	0	4	2	0	0	1	2	1	0	1	0	0	0	1	2	2	0	4	1	1	19	1	4	1	39	8	3	7	33	1	6	6	20	6	0	0	0	1	0	0	0	1	1	1	1	2	0	0	0	0	2	2	1	2	1	3	2	0	1	0	1	0	0	1	0	4	1	0	0	0	0	0	0	2	1	0	0	1	0	0	2	2
4	1	1	0	4	4	2	1	3	4	0	1	3	4	2	2	0	1	1	0	0	1	3	1	0	4	1	1	1	0	0	5	3	2	12	3	8	3	12	0	5	4	10	3	4	7	12	3	0	0	0	0	2	2	2	3	0	0	2	1	0	1	1	2	2	3	0	2	2	0	2	2	3	0	0	1	3	0	1	1	0	0	0	0	0	0	0	2	0	0	0	0	2	0	0	4
1	3	0	1	2	2	0	2	1	1	1	3	2	2	0	1	1	1	1	1	0	1	1	1	1	0	1	2	3	1	1	7	2	4	22	3	3	2	13	1	2	2	14	2	2	2	6	2	0	0	0	1	2	2	5	2	0	0	0	0	0	1	1	2	1	0	1	1	0	0	1	0	1	1	0	1	2	3	1	2	0	0	0	0	0	0	0	2	2	0	0	0	1	1	1	3
6	1	2	1	5	0	1	4	3	3	4	3	4	0	2	6	1	1	0	1	1	0	1	0	0	0	1	0	1	0	0	1	2	4	33	1	1	3	32	2	4	0	37	5	4	2	16	2	1	2	1	0	0	0	1	1	0	0	0	1	0	1	1	1	0	2	0	2	0	2	3	2	0	1	2	2	0	4	2	1	0	0	1	0	0	1	1	1	0	1	0	0	1	0	0	1
1	1	1	0	3	1	1	2	4	0	0	1	3	3	0	0	0	0	1	0	0	0	0	1	1	0	0	0	1	1	0	5	1	1	27	0	2	2	17	2	4	3	20	1	5	2	11	6	0	1	0	1	0	0	1	0	0	0	0	0	1	1	2	0	1	1	1	2	0	0	1	2	2	1	2	2	1	3	0	0	0	1	0	1	0	0	0	0	0	0	0	0	0	0	0	3
3	2	1	3	1	7	4	1	1	9	2	4	0	3	0	2	3	0	1	0	1	1	1	1	0	1	0	1	3	0	0	1	2	5	24	2	3	4	18	4	4	6	16	0	4	1	6	3	2	1	1	3	1	0	2	1	0	1	0	1	0	0	0	0	1	2	1	0	0	2	1	0	1	2	0	2	0	0	0	0	0	0	0	0	0	0	0	0	2	2	0	1	0	0	2	3
3	2	3	1	7	8	0	3	4	5	0	2	5	2	0	5	1	1	0	2	0	1	1	2	1	2	0	0	2	0	0	7	2	5	18	1	2	3	23	4	3	1	20	1	3	2	16	1	0	2	0	4	0	0	1	2	1	1	0	2	1	2	1	2	2	1	1	4	4	1	2	4	0	2	2	1	5	0	1	0	0	1	0	0	1	1	2	6	0	0	1	2	1	1	2	1
3	5	0	0	1	4	0	4	0	3	1	5	4	0	0	3	0	2	1	4	3	2	1	1	0	1	0	1	3	2	0	2	5	1	17	1	4	2	16	5	2	3	10	3	2	5	11	2	1	3	0	1	0	3	2	4	0	1	1	1	0	0	3	1	4	0	1	2	0	0	1	1	0	2	1	3	1	2	0	2	0	0	0	1	0	0	0	1	0	0	1	0	1	0	1	1
3	11	0	2	11	11	1	8	7	12	3	3	7	6	3	6	1	1	0	0	4	9	1	4	1	6	0	1	1	3	0	3	2	3	33	11	8	10	24	8	2	11	38	5	4	5	15	5	1	1	0	4	1	1	2	0	0	1	2	1	2	0	0	1	0	0	0	1	2	8	1	11	3	2	3	2	0	1	0	3	0	0	0	2	0	1	2	10	0	0	1	1	1	0	2	4
1	2	0	0	0	1	1	1	1	1	0	0	1	1	1	1	0	0	0	2	1	1	0	0	0	0	0	0	2	0	0	3	2	1	12	0	2	1	11	2	2	2	11	0	1	0	8	2	0	0	0	0	1	0	0	0	0	0	0	0	0	0	0	0	0	0	0	1	1	1	0	1	0	0	0	3	1	1	1	1	1	0	0	0	0	0	0	2	0	0	0	0	0	0	0	0
4	1	0	1	5	2	0	0	2	5	2	6	4	4	0	4	2	1	0	1	1	0	1	1	0	1	0	1	1	3	0	2	5	0	29	0	3	2	24	4	0	1	29	2	6	1	7	2	2	0	2	2	0	1	2	1	1	0	0	0	0	0	1	2	1	1	0	1	0	0	1	2	2	4	1	1	0	0	0	0	0	0	0	1	0	0	0	0	1	0	1	0	0	0	0	1
4	3	1	3	24	28	13	67	6	11	3	24	6	10	0	8	1	4	1	4	0	0	0	2	0	3	0	3	1	0	0	2	30	13	135	8	10	11	115	14	37	72	195	47	10	11	55	13	3	3	2	2	3	2	3	2	2	4	3	4	8	0	1	1	21	15	53	8	19	27	74	16	45	28	41	19	8	14	8	12	0	5	1	4	2	8	13	14	0	2	7	6	2	2	2	3
0	1	1	0	1	0	2	0	9	1	1	1	3	4	2	4	1	0	0	2	0	0	0	0	0	0	0	0	1	0	1	1	2	2	19	1	2	3	17	2	1	3	23	4	2	3	9	2	1	0	0	2	0	0	0	0	1	0	0	1	0	0	0	0	0	0	0	3	0	1	1	14	1	0	1	1	0	3	0	0	0	2	1	1	0	0	0	12	0	0	0	2	0	0	0	6
1	2	0	1	1	0	0	2	2	0	1	0	3	1	0	4	0	0	0	0	0	0	1	0	0	1	0	1	1	1	0	4	3	2	21	1	2	1	18	3	2	0	17	1	5	3	12	4	0	0	0	1	1	0	2	0	0	1	0	0	0	0	0	1	0	0	1	0	0	2	0	4	2	0	2	0	0	1	0	0	1	0	0	0	1	0	0	0	0	0	0	0	0	0	0	0
3	4	1	1	5	2	1	2	2	1	1	5	8	3	2	3	1	1	2	2	0	0	0	1	1	0	0	1	4	1	0	2	0	3	16	1	10	2	19	2	2	0	24	5	3	4	14	4	0	0	0	1	0	0	4	3	1	0	1	2	2	2	1	5	7	0	2	1	2	1	3	7	1	1	1	1	4	1	1	3	1	0	0	1	1	1	2	3	0	0	1	0	1	1	1	3
0	0	1	0	2	1	1	1	1	0	1	0	0	4	2	2	2	1	0	0	0	0	1	0	0	2	0	0	2	0	0	5	1	2	12	2	1	2	14	2	0	2	15	0	3	1	4	3	1	1	1	0	1	0	0	0	0	0	0	0	0	0	0	1	1	0	0	0	0	2	1	2	0	0	1	0	1	1	0	0	0	0	3	0	0	0	1	4	0	0	0	1	1	0	1	0
1	1	0	1	6	3	1	2	8	1	2	1	7	4	0	6	0	0	0	1	2	0	0	1	0	0	0	1	2	0	0	3	4	1	21	0	2	1	24	2	2	4	23	0	2	2	10	2	0	0	1	0	0	1	0	0	0	1	0	2	2	0	1	0	0	1	0	0	0	2	4	0	0	2	1	3	0	0	0	1	0	0	0	1	0	0	0	0	0	0	1	0	0	0	0	0
3	1	1	0	2	0	0	1	3	1	1	1	3	3	1	3	2	2	0	1	0	0	0	0	2	0	0	1	2	1	0	4	2	3	19	1	3	2	14	1	3	3	20	1	4	2	7	0	0	1	0	0	0	0	0	0	0	0	0	1	1	0	0	0	2	0	2	1	0	1	1	5	0	1	0	1	1	0	0	0	0	0	0	0	0	0	0	0	0	0	0	0	0	1	0	1
3	1	0	1	0	0	0	0	1	1	0	0	2	1	0	3	0	0	0	1	0	0	0	1	0	0	0	1	0	0	1	2	1	0	14	1	2	1	15	0	1	3	14	3	1	1	9	3	1	0	1	0	0	0	1	0	0	0	0	0	2	1	1	1	1	3	1	3	1	2	4	1	2	3	0	0	1	3	1	1	0	0	0	1	0	0	1	1	1	0	0	1	0	0	0	0
3	8	0	0	4	4	0	6	2	7	0	1	5	4	1	7	2	0	0	4	2	2	0	1	2	2	0	1	7	3	2	9	5	4	20	1	5	3	25	9	2	8	32	3	7	6	17	6	0	0	0	1	0	2	4	5	1	1	3	0	1	2	1	3	4	1	3	4	1	5	2	4	3	2	1	2	2	2	0	3	2	1	0	2	0	1	5	18	0	0	1	7	1	3	2	3
1	4	0	1	2	2	0	1	4	1	1	3	3	1	1	2	1	0	0	0	0	0	0	0	0	0	0	0	4	0	0	2	2	1	20	4	3	5	21	5	0	4	17	8	2	2	10	3	0	1	0	2	0	0	0	0	0	0	0	1	0	0	0	0	1	2	1	1	0	1	1	5	1	2	0	2	2	2	0	0	0	0	0	0	0	0	2	2	1	0	0	0	0	1	1	1
1	0	0	2	3	2	2	0	0	0	0	2	3	2	0	2	1	1	0	1	2	0	1	0	0	1	0	0	4	1	0	6	1	1	18	2	3	4	8	2	3	2	19	3	8	3	9	1	0	0	0	1	1	0	0	0	1	1	0	1	0	1	1	5	0	1	1	0	0	1	2	0	2	3	0	2	2	2	0	0	2	0	1	1	0	0	0	1	1	0	0	0	2	1	0	3
0	0	0	0	3	2	1	0	3	1	1	1	2	0	0	3	1	1	0	1	2	0	1	1	0	1	0	0	0	0	0	1	1	2	26	3	1	3	19	1	4	1	18	4	2	1	10	3	0	0	0	0	1	1	0	1	0	1	0	0	0	0	0	1	0	2	0	0	0	4	0	2	0	1	0	2	0	2	0	0	0	1	0	0	0	0	0	1	0	0	0	0	0	0	1	0
0	2	0	0	2	0	0	1	1	0	1	1	1	1	2	1	0	0	0	0	0	0	0	0	1	0	0	0	0	0	0	0	0	2	21	0	2	2	19	3	1	2	20	0	2	4	12	3	0	0	1	0	0	1	0	1	0	0	0	0	0	1	0	0	0	0	2	1	0	4	0	1	1	0	0	1	2	3	1	1	0	0	0	0	0	1	0	1	0	0	0	1	0	0	0	1
2	3	1	3	1	2	1	3	0	2	1	0	2	3	1	3	1	0	0	1	0	1	0	1	0	2	1	0	5	3	2	6	0	1	16	3	5	3	14	2	6	2	12	1	6	5	15	3	0	0	0	0	0	1	2	4	1	0	0	1	1	4	2	2	1	2	1	2	2	1	5	0	2	0	0	3	1	0	0	0	1	1	0	1	1	0	1	4	0	0	0	0	1	1	0	0
3	6	1	2	1	5	0	3	2	4	1	1	3	1	1	6	1	1	0	1	1	1	1	2	0	1	0	2	0	1	0	5	6	0	14	3	2	7	19	2	0	4	21	3	5	4	14	3	1	2	0	2	0	1	2	4	3	1	0	0	1	2	0	0	1	3	1	0	1	2	2	5	1	1	1	0	2	1	0	0	0	0	0	1	0	0	1	0	0	0	0	1	0	1	0	3
0	3	0	0	1	2	0	3	2	1	0	1	3	2	1	3	2	0	0	1	1	0	0	0	0	0	0	0	1	2	0	1	4	4	25	3	3	8	15	5	4	5	30	3	1	5	13	2	1	0	1	1	1	1	0	2	0	0	0	1	0	0	0	2	4	2	7	0	0	4	2	1	2	2	1	2	1	0	0	1	2	1	0	0	0	0	1	0	0	0	0	1	1	0	0	1
0	0	0	0	1	0	1	0	0	0	0	1	1	0	0	2	0	0	0	0	0	0	0	0	0	0	0	0	0	0	0	1	1	2	13	0	3	0	16	2	1	2	22	3	0	2	10	2	0	0	0	1	1	2	0	1	0	0	0	0	0	0	0	0	1	0	1	1	0	1	0	0	0	2	0	0	0	0	0	2	1	0	0	0	0	0	0	0	0	0	1	0	0	0	0	0
2	1	0	0	1	0	0	1	1	0	0	2	3	3	0	5	0	3	0	2	0	0	0	0	1	1	0	2	1	2	0	5	3	1	21	1	2	2	12	3	0	2	14	2	1	3	11	2	0	2	0	0	0	0	0	1	0	2	0	1	0	1	0	0	0	0	0	1	0	2	2	4	0	2	1	2	0	2	0	0	1	0	0	1	0	0	1	11	0	0	0	0	3	1	1	0
5	4	4	7	26	35	13	102	14	16	4	27	9	10	3	19	2	1	0	1	1	0	1	5	1	6	1	2	2	0	2	6	37	26	197	22	21	30	215	20	77	132	342	72	21	29	105	16	3	13	6	8	1	8	5	9	1	8	5	5	2	4	3	2	12	10	28	7	6	23	30	19	33	21	38	18	25	18	18	10	0	1	2	3	0	7	4	35	1	2	4	11	1	2	2	9
1	2	0	3	4	15	6	27	1	4	4	9	4	2	0	7	0	0	1	3	1	1	0	1	1	2	0	5	1	1	0	5	10	12	46	6	11	8	53	8	15	44	106	16	8	9	29	1	0	2	1	5	1	1	4	1	3	1	0	2	1	0	1	0	11	7	23	3	10	8	18	11	11	3	8	8	3	5	4	6	0	1	1	2	0	1	7	8	1	1	1	4	0	3	0	2
1	1	2	0	0	2	0	1	2	0	0	1	0	3	1	1	0	0	0	0	2	1	0	0	0	0	0	0	0	1	0	2	1	2	7	0	3	0	8	3	1	1	15	1	3	3	9	1	0	0	0	2	0	0	1	1	0	0	0	0	0	0	1	0	0	2	1	1	0	4	0	4	0	2	1	0	0	3	0	1	0	1	0	1	0	0	0	0	0	0	0	0	2	0	0	1
0	1	0	0	2	0	0	2	0	1	1	0	1	0	0	4	1	0	1	1	1	0	0	0	0	1	1	1	0	0	0	1	2	1	16	0	1	1	9	1	1	3	9	3	0	2	5	0	0	1	2	0	0	0	1	0	0	0	0	0	0	0	0	1	2	4	1	4	0	0	0	2	2	2	0	0	0	2	0	1	0	0	0	0	0	0	0	0	0	0	1	0	0	0	1	1
0	1	0	1	1	2	1	1	1	1	0	0	1	1	0	4	3	0	0	0	0	0	0	0	0	1	0	0	0	0	0	2	2	1	25	0	3	3	16	3	2	0	23	2	4	5	10	2	0	1	0	2	0	0	1	1	0	1	0	0	1	0	0	1	2	1	3	1	0	1	1	1	0	1	1	0	0	1	1	0	0	0	0	0	1	0	1	0	0	1	1	0	0	0	0	1
0	6	2	2	9	14	0	9	3	14	2	3	1	4	1	6	0	1	0	1	0	2	1	1	1	0	1	1	0	2	1	2	1	2	15	1	8	3	16	14	2	3	13	1	3	6	7	3	0	1	1	3	2	1	5	1	0	1	0	0	0	2	0	0	1	0	0	0	2	1	2	0	2	2	1	1	0	0	1	2	0	2	0	1	0	0	0	1	0	1	0	0	1	1	0	0
0	2	2	0	9	7	2	2	2	3	1	3	2	1	0	2	1	0	0	2	0	3	0	2	1	0	0	0	2	0	0	1	1	5	21	1	4	4	29	2	0	4	21	2	2	2	12	1	1	0	0	1	0	0	2	1	0	1	0	2	0	0	0	0	0	1	0	0	1	2	0	3	0	2	0	1	0	0	1	0	0	0	0	0	1	0	0	2	1	0	0	1	0	0	0	0
5	4	0	2	4	3	3	3	4	0	0	3	3	1	3	6	4	1	1	1	2	0	0	0	2	0	0	2	0	3	0	12	4	4	17	4	5	3	13	1	0	7	15	4	4	2	6	2	0	1	1	1	1	0	2	4	0	0	1	1	1	1	1	3	2	0	1	0	2	3	2	3	3	2	1	2	4	2	1	2	1	0	0	0	0	2	1	7	2	0	0	0	1	0	0	3
2	4	1	1	4	0	0	3	2	1	2	1	1	3	3	0	0	1	0	0	0	1	0	1	0	0	0	1	1	1	0	1	3	0	15	3	2	4	16	2	3	2	9	4	4	3	7	1	3	0	0	3	1	1	1	0	0	0	0	0	0	0	0	4	3	0	1	3	0	2	1	1	0	1	1	3	0	0	0	2	0	0	1	0	0	1	0	2	0	0	1	0	1	0	1	2
3	3	0	1	5	2	0	4	2	1	0	2	3	3	3	3	0	0	0	2	0	0	1	2	1	1	0	1	1	1	0	3	4	0	17	1	3	1	17	5	1	3	22	0	4	2	8	4	0	0	0	0	0	1	0	0	0	0	0	0	1	1	0	1	0	1	2	1	0	2	0	1	0	1	0	1	0	1	0	0	0	0	0	2	0	0	0	0	0	0	0	0	0	0	0	1
1	3	0	4	3	11	9	30	3	14	1	14	4	3	1	4	2	2	0	1	0	1	0	0	0	3	1	0	1	1	2	1	15	18	109	7	14	14	103	6	36	106	364	59	9	13	47	7	2	7	3	4	2	2	2	3	2	5	1	1	2	4	0	1	8	11	15	4	7	10	16	3	17	19	19	10	5	7	6	4	1	0	0	3	1	1	5	4	0	1	2	3	0	1	0	5
1	2	0	2	0	0	0	0	5	0	0	0	2	1	1	4	0	0	0	2	0	0	0	0	0	1	0	1	0	1	2	0	3	5	15	4	3	3	21	5	3	4	19	1	3	4	10	3	0	0	0	1	1	1	0	2	1	1	1	0	0	0	0	1	1	0	2	3	1	1	2	0	0	2	2	1	0	0	0	1	0	0	0	0	0	0	1	1	0	0	2	0	0	0	1	1
3	3	0	1	2	1	2	3	3	4	0	3	1	8	1	2	1	1	2	5	0	0	0	3	0	2	0	0	5	3	1	8	4	1	14	1	3	3	13	1	3	3	23	13	1	2	8	3	0	2	4	0	3	2	3	3	0	1	2	2	1	2	1	3	0	0	0	1	1	3	2	3	1	0	0	2	0	2	0	0	0	0	0	1	1	1	0	5	0	0	0	0	0	0	0	0
2	4	2	2	1	1	0	2	3	1	2	3	4	5	1	3	1	2	0	2	3	3	1	1	2	1	0	2	2	1	0	4	2	3	21	1	3	2	12	3	6	2	22	3	0	2	16	7	0	2	1	0	0	4	3	1	1	3	0	2	1	0	0	1	0	0	2	2	0	1	5	0	2	2	1	2	1	0	1	2	1	0	0	0	0	0	2	1	0	0	1	0	0	1	1	2
0	1	3	1	1	1	0	3	0	1	0	1	0	2	1	2	0	0	0	0	0	0	0	0	0	2	0	0	0	1	1	0	3	2	20	2	2	0	15	0	2	1	11	2	1	2	15	1	0	0	0	1	0	1	0	0	0	0	0	1	0	1	1	0	0	0	1	0	1	1	1	1	0	1	0	0	0	0	1	1	0	0	0	2	0	0	1	0	0	0	0	0	0	0	0	0
2	1	0	0	0	0	0	1	0	0	0	0	3	4	1	3	1	0	0	0	0	0	0	0	0	1	0	1	0	0	0	0	0	2	23	0	4	4	21	2	2	2	15	2	0	2	9	1	0	0	0	0	0	0	0	1	0	0	0	0	0	0	0	0	0	1	0	0	0	0	0	1	1	0	0	0	0	0	0	2	0	0	0	0	0	0	1	0	1	0	0	0	0	0	0	0
1	3	1	1	2	2	0	5	0	4	1	5	2	6	1	2	0	4	1	3	0	2	0	1	3	1	0	4	1	7	0	2	4	1	13	4	8	1	24	4	6	2	22	2	4	4	12	4	2	0	2	0	0	0	1	3	0	0	2	2	0	0	0	2	1	4	0	1	0	2	0	9	1	3	1	7	1	5	0	1	0	0	0	1	0	1	0	1	0	1	1	1	1	0	0	3
4	4	0	5	14	32	5	75	9	7	6	13	5	8	4	13	2	2	1	1	1	0	0	0	0	3	0	3	1	1	1	3	30	20	130	10	19	22	110	6	51	69	177	52	8	10	81	7	2	5	0	9	1	1	1	0	1	1	1	4	2	3	0	1	9	13	26	8	7	13	38	10	21	13	35	9	6	14	11	4	0	0	1	2	2	6	8	6	1	1	1	3	0	1	0	2
1	0	0	0	1	0	1	0	2	3	0	0	3	0	0	4	0	1	0	4	0	0	0	0	0	0	0	0	1	0	0	0	4	2	29	0	4	1	17	1	1	4	19	2	2	0	16	3	1	0	0	0	0	0	1	0	0	0	1	0	0	0	0	1	2	0	0	0	0	1	1	0	0	1	1	1	2	0	1	1	1	0	0	1	0	0	2	1	0	0	0	0	0	2	0	1
2	2	0	1	13	18	9	55	6	6	3	13	8	7	3	9	1	1	0	3	0	3	1	0	1	2	2	2	1	0	0	4	27	19	116	12	18	20	119	12	53	86	242	49	6	16	68	5	1	4	4	12	1	5	1	2	0	1	2	4	1	4	0	1	11	16	21	8	13	9	35	9	26	20	25	12	7	7	8	3	1	1	1	2	0	3	8	4	0	2	0	2	0	3	2	5
1	1	0	1	1	2	0	3	4	1	1	3	4	1	1	2	0	0	0	0	0	0	0	1	0	0	0	1	1	0	0	1	0	3	25	3	1	0	17	1	3	1	25	2	1	3	10	2	0	0	0	1	0	0	0	0	0	0	0	0	1	1	0	0	1	2	4	0	0	2	2	2	1	1	1	0	0	0	2	2	0	0	1	0	0	0	0	2	0	0	0	0	0	0	1	1
3	2	0	1	0	3	0	2	2	1	0	0	4	0	0	3	0	0	0	4	1	0	1	0	0	0	0	0	5	0	0	1	0	2	6	1	2	0	13	3	2	2	14	2	1	3	7	2	0	0	1	0	0	1	0	0	0	0	0	0	0	0	0	2	0	1	0	2	2	1	0	2	0	1	1	1	2	1	0	0	0	0	0	0	0	0	0	2	0	1	0	0	1	0	0	1
1	1	0	2	7	13	6	34	1	5	1	6	1	4	1	5	2	0	0	1	1	0	1	1	2	5	1	0	0	0	0	0	12	9	187	2	4	6	159	5	22	42	182	29	4	5	60	5	2	4	0	3	0	2	0	0	0	1	2	1	0	0	0	0	4	2	17	2	6	6	22	6	10	9	11	6	5	7	15	9	0	2	1	1	0	4	3	6	0	0	0	3	0	0	1	2
0	1	0	0	1	1	0	1	1	1	1	2	2	4	1	2	0	2	0	0	0	0	0	0	1	1	0	0	2	1	1	0	2	3	23	2	1	3	21	3	2	3	35	2	2	2	17	1	0	3	0	0	0	0	0	0	0	0	0	0	1	1	1	0	0	0	1	3	0	1	1	1	0	2	1	0	0	1	0	1	0	0	0	1	0	0	0	1	0	0	0	0	1	1	0	0
3	2	0	0	5	1	2	3	5	1	3	2	1	8	2	5	0	1	0	1	0	1	0	1	0	0	0	1	2	0	2	1	4	2	17	1	1	4	25	0	3	1	20	2	2	5	13	3	0	1	0	1	2	0	1	3	1	0	0	0	0	1	0	3	2	0	0	1	0	3	1	3	3	2	0	0	0	2	2	3	0	0	2	1	0	0	2	4	1	0	2	2	0	0	1	3
0	1	0	3	3	1	0	3	1	1	2	4	2	1	0	3	0	1	0	0	2	1	1	3	1	1	1	1	3	2	1	6	0	1	27	1	1	1	22	1	0	3	29	5	4	5	17	4	0	0	0	1	1	0	1	1	1	0	0	0	1	1	0	0	0	0	1	0	0	0	2	1	1	1	0	5	0	1	0	4	0	0	0	1	2	0	0	1	0	0	2	1	0	0	0	1
3	1	0	0	6	3	2	0	3	4	2	1	3	3	0	4	0	0	0	0	0	1	0	0	0	3	0	0	3	0	0	6	1	4	32	0	3	3	17	2	0	6	26	1	0	3	12	3	0	0	1	0	0	0	3	0	0	0	1	2	0	0	1	2	3	2	1	2	0	0	0	1	1	2	2	1	1	1	0	2	0	0	0	0	0	0	0	2	0	0	1	0	1	0	0	2
0	0	2	0	0	0	0	1	0	0	1	0	1	1	3	2	2	1	0	0	0	0	0	2	1	0	0	1	0	0	0	2	5	2	22	3	5	4	21	3	0	2	22	1	3	1	14	2	2	1	0	0	1	0	0	0	0	0	0	0	0	0	1	0	0	0	0	0	0	1	1	3	1	1	0	0	0	1	1	1	0	0	1	1	1	0	2	0	0	1	0	0	0	0	0	0
8	9	2	5	24	20	13	58	14	6	9	13	11	10	5	14	4	2	1	1	1	0	1	0	1	4	0	2	1	1	0	0	23	20	215	16	14	31	187	21	58	54	271	38	11	16	92	14	2	2	1	4	0	4	1	2	0	4	2	0	4	0	0	3	4	5	7	8	7	5	9	11	13	10	14	6	1	14	4	4	0	0	0	1	0	1	4	1	0	0	0	3	1	0	1	1
2	0	0	1	3	1	0	0	4	1	0	1	1	2	0	2	0	1	0	0	0	0	0	0	0	0	0	0	1	0	0	0	1	1	16	0	0	3	10	2	4	1	17	1	1	2	9	3	1	0	0	1	0	0	0	0	0	0	1	0	0	0	0	1	0	1	0	1	0	1	0	1	0	1	1	0	0	0	0	0	0	0	0	0	0	0	0	0	0	0	0	1	0	0	0	2
1	0	0	2	0	1	3	1	2	0	2	0	1	2	0	3	0	0	0	0	1	1	0	1	0	0	0	0	1	1	1	1	1	3	15	2	4	4	19	3	0	0	13	0	0	4	14	2	0	0	0	0	0	0	1	0	0	0	0	0	0	0	0	1	0	0	2	2	1	0	0	1	2	1	0	1	0	0	0	0	0	1	0	0	0	0	0	0	0	1	0	0	0	0	0	0
1	0	0	0	1	1	0	0	3	1	0	2	4	1	2	4	0	1	0	0	0	0	0	0	0	1	0	1	1	2	1	1	2	2	15	1	3	1	17	2	1	6	21	4	2	1	7	2	0	0	0	1	0	1	0	0	1	0	0	1	0	1	0	0	1	4	1	1	1	1	1	5	0	3	3	1	2	1	0	1	0	0	0	0	0	0	1	0	0	0	0	0	0	1	0	0
0	4	3	3	12	30	9	55	5	12	5	16	2	6	3	10	2	2	0	2	1	1	2	1	0	3	1	1	0	0	0	3	26	20	188	10	8	16	166	11	30	68	245	39	5	5	77	4	0	1	1	7	0	6	2	1	0	0	1	3	2	0	1	0	8	11	23	10	15	16	45	16	22	22	32	13	5	17	14	10	0	2	2	2	0	17	9	10	1	0	2	6	0	1	0	4
0	8	1	7	21	60	22	140	8	17	2	32	2	15	4	19	3	0	3	3	2	1	1	3	0	6	3	6	2	1	1	1	57	30	246	20	25	30	214	42	92	172	430	126	22	22	82	18	5	11	4	16	2	5	3	4	4	9	5	2	5	2	1	7	25	28	47	13	25	26	84	23	82	57	52	45	23	25	25	27	0	2	1	1	0	9	8	18	1	6	3	7	1	1	3	6
0	1	0	0	2	2	2	1	3	3	1	2	2	5	0	0	1	1	0	1	4	0	0	1	3	1	0	0	3	1	0	2	2	2	20	1	4	2	17	4	2	1	13	4	0	2	10	3	0	1	0	1	0	0	0	2	0	0	1	0	2	0	0	1	1	2	1	1	1	2	1	3	1	0	0	2	0	2	0	1	0	0	0	1	0	3	1	0	0	0	0	0	0	1	2	3
3	2	1	1	0	2	1	0	5	1	2	3	3	3	1	0	0	0	0	0	2	0	1	1	0	0	0	1	1	1	0	3	5	1	27	0	2	4	28	2	2	4	32	0	3	5	17	1	1	1	0	0	0	2	0	0	0	0	0	0	1	1	1	1	0	1	1	3	0	2	1	2	0	0	1	2	0	3	0	3	0	0	0	0	0	0	0	0	0	0	0	0	0	0	0	0
0	3	0	0	3	0	1	2	1	4	3	3	1	0	1	3	0	1	0	0	1	0	1	0	0	0	0	0	1	0	1	1	0	1	24	1	0	3	11	2	2	2	15	3	2	0	7	4	0	1	0	0	0	0	1	0	0	0	0	0	0	0	0	0	1	1	0	0	0	1	1	0	0	2	0	2	0	2	0	1	0	0	0	0	0	0	1	0	0	0	1	1	0	0	0	1
2	4	4	8	32	62	22	153	8	7	3	16	4	11	2	34	4	3	1	3	0	0	1	2	3	9	0	8	1	2	0	4	86	41	219	34	29	50	214	28	166	146	463	93	18	34	83	18	1	6	1	9	0	5	1	5	3	6	1	7	2	2	0	3	8	13	24	6	16	16	39	19	22	10	16	12	17	14	21	9	0	1	0	3	0	6	7	9	0	3	1	5	1	2	2	3
3	0	0	0	1	1	0	0	6	1	0	2	1	1	1	3	1	2	0	2	3	0	1	0	0	1	0	0	1	0	0	1	1	2	25	3	1	2	23	1	4	3	25	0	1	2	21	2	1	0	0	0	1	1	0	0	0	1	0	0	0	0	0	0	0	0	0	3	2	0	0	1	0	0	0	2	1	0	1	1	1	0	0	1	0	0	0	0	0	0	0	0	1	0	1	1
1	1	0	0	2	2	1	1	1	1	0	0	1	0	3	5	0	0	1	1	0	0	0	0	0	0	1	0	0	0	0	0	1	2	13	2	0	3	17	2	2	2	15	1	6	1	10	1	0	0	0	0	0	0	0	0	0	0	0	1	0	0	0	1	2	0	0	1	1	1	2	2	0	1	2	0	0	0	1	2	0	1	0	0	0	0	0	1	0	0	0	3	0	0	1	3
1	3	0	4	0	0	1	2	4	3	1	2	5	4	0	7	1	0	1	0	1	0	0	0	1	3	1	0	0	2	1	0	1	3	36	1	5	0	27	3	3	6	34	3	3	5	12	1	0	0	1	1	0	0	2	0	0	0	0	0	0	1	0	0	1	0	2	4	1	1	0	0	2	2	1	0	1	1	0	0	0	0	0	0	1	0	1	1	0	0	0	1	0	1	1	0
4	3	4	3	21	55	30	103	8	7	5	15	5	9	2	16	2	6	0	7	0	1	2	1	2	14	1	4	2	1	0	4	81	51	365	25	26	34	348	30	137	173	520	107	17	39	140	11	2	5	3	10	1	6	3	2	1	7	8	3	7	0	0	4	32	25	55	13	23	29	75	21	67	34	62	32	22	29	27	17	1	1	2	1	0	7	12	8	0	4	2	7	0	0	0	4
3	1	0	0	3	0	1	2	4	0	0	1	4	2	1	3	0	0	0	0	2	1	1	0	0	0	0	1	0	1	0	1	1	3	14	3	0	2	19	0	2	2	13	0	4	1	15	5	0	0	0	1	0	0	0	0	0	1	0	0	0	0	0	0	0	1	0	1	0	1	0	1	1	0	0	2	0	0	0	0	0	1	0	1	0	2	1	1	0	0	1	0	0	0	0	0
4	1	1	1	6	2	0	0	0	1	2	1	6	1	1	3	1	0	0	0	1	0	1	0	0	2	1	1	2	3	1	1	4	5	36	6	7	6	22	3	4	3	29	5	1	6	14	4	0	0	0	1	1	0	3	4	0	0	0	0	0	1	0	1	0	0	2	4	1	0	2	2	1	2	0	3	2	0	0	1	0	1	1	1	1	1	0	1	1	0	1	0	0	2	0	1
4	2	2	1	3	2	0	3	1	3	1	2	1	2	0	5	0	0	1	1	0	0	2	2	1	2	0	0	1	2	0	6	4	0	20	0	0	3	10	2	1	2	22	0	4	3	11	3	0	0	1	0	0	0	0	1	0	2	0	3	0	2	1	1	0	1	0	1	0	3	0	0	0	0	0	0	1	0	0	1	0	0	2	1	0	1	0	2	0	0	0	1	1	1	0	1
5	4	0	1	3	1	1	0	2	4	1	2	4	3	1	4	2	3	0	2	0	1	0	1	0	0	0	0	1	0	1	2	0	4	21	2	3	3	19	3	2	5	16	1	2	5	10	1	0	0	0	1	0	0	0	1	0	0	1	1	1	0	0	1	0	0	0	1	0	1	1	0	1	1	1	1	1	0	0	2	0	0	2	0	0	0	0	1	1	0	2	1	2	0	1	0
3	5	0	2	2	0	2	1	9	0	0	2	5	2	0	3	0	0	0	0	0	0	1	0	0	0	1	0	1	0	0	1	4	4	21	2	3	2	22	4	2	2	25	2	1	4	7	5	0	0	0	2	1	0	0	0	0	0	1	0	0	0	1	1	3	0	0	0	2	1	1	1	0	1	1	1	0	0	0	1	0	0	0	0	0	0	0	1	1	0	0	0	0	0	0	0
3	3	2	2	2	2	1	1	1	3	2	2	2	2	2	5	1	1	0	1	1	1	0	1	0	0	0	1	3	2	1	2	1	2	32	1	5	1	24	6	2	6	36	0	3	3	15	3	0	1	0	1	0	1	1	3	1	0	0	0	0	0	0	0	0	1	2	2	0	0	1	3	3	1	0	0	0	2	0	0	0	0	0	1	0	0	2	4	0	0	0	0	0	0	0	2
1	4	4	1	2	2	1	1	4	1	0	4	6	2	0	5	2	1	0	1	1	2	1	1	1	1	0	0	0	2	0	0	1	4	23	0	2	2	18	3	4	4	27	2	4	2	13	1	0	0	0	0	0	2	3	0	0	0	0	0	0	0	0	0	0	0	5	0	1	1	3	2	0	0	2	1	2	3	1	2	2	2	0	0	0	0	1	2	0	0	0	1	0	1	0	2
1	1	0	0	1	1	0	1	1	0	0	1	0	2	1	4	2	0	1	0	0	1	0	0	0	0	0	1	1	1	0	1	1	1	19	0	3	2	24	3	0	1	21	1	0	0	6	4	0	0	0	0	0	1	0	0	0	0	0	0	0	0	1	0	0	0	1	0	2	2	0	0	0	0	0	0	0	1	0	1	0	0	1	0	0	1	0	1	0	0	0	0	0	0	0	0
1	0	0	2	1	1	0	0	1	1	0	3	2	1	2	2	1	2	0	0	0	0	1	2	0	0	1	0	2	0	0	0	3	0	22	2	1	1	11	4	1	3	25	1	0	2	13	1	0	0	0	0	0	0	1	1	0	0	0	0	0	0	0	2	3	1	0	0	0	0	1	0	1	0	1	2	0	1	0	0	1	0	0	0	0	0	0	1	1	0	1	0	1	1	0	3
1	3	2	2	10	21	11	57	7	6	4	8	3	5	5	9	1	1	1	1	1	1	0	3	2	5	2	1	2	2	1	1	28	20	169	18	11	12	143	8	48	76	219	36	7	10	71	4	1	4	1	6	0	2	2	2	1	1	3	4	2	1	1	0	4	8	17	2	7	15	19	10	12	17	17	7	8	7	12	6	0	0	0	2	4	6	14	3	0	4	4	1	3	1	3	6
4	5	0	4	0	1	3	3	6	1	3	7	7	2	0	10	2	3	2	3	1	2	1	2	2	2	1	1	2	2	0	5	2	4	28	3	6	5	32	4	3	7	47	3	1	3	17	5	1	1	1	2	0	3	5	1	2	2	2	2	2	3	0	4	4	2	1	3	1	2	2	1	5	2	2	4	1	4	0	3	0	0	0	1	0	3	2	1	0	0	1	2	1	0	0	3
0	2	1	0	2	0	2	3	3	1	1	2	4	2	1	2	2	3	2	5	1	0	1	2	1	2	0	0	2	0	1	6	3	4	15	4	5	3	14	6	4	6	29	3	4	1	9	2	1	0	0	2	0	0	1	3	2	0	0	0	2	0	0	2	1	0	2	2	0	1	2	3	2	3	1	0	2	0	0	0	0	0	0	0	1	0	2	3	2	0	1	1	0	1	0	1
5	4	2	1	1	0	0	2	6	6	1	2	6	2	0	3	0	1	0	1	1	0	1	2	2	1	1	0	2	0	0	0	0	2	33	3	3	2	20	4	3	8	25	5	4	3	7	2	1	1	2	1	1	3	2	3	1	2	1	0	0	0	0	4	1	0	2	1	2	4	1	2	0	1	0	2	0	3	0	0	1	1	1	0	0	0	1	0	0	1	1	0	1	1	0	0
2	2	1	4	2	3	3	4	2	4	1	2	5	6	3	6	1	2	0	2	2	0	0	3	0	0	0	0	1	1	0	5	2	3	27	3	9	5	21	4	5	3	23	5	5	6	13	3	1	3	1	0	0	0	3	6	1	1	0	0	1	5	2	8	1	0	1	1	0	2	0	1	0	2	0	0	6	4	2	3	0	0	2	0	1	2	0	3	0	1	2	0	0	2	0	3
1	3	0	9	20	51	20	103	2	14	7	29	1	10	3	10	1	1	0	5	0	1	3	0	3	4	1	4	1	4	0	0	47	26	604	18	23	18	558	16	104	145	663	80	16	12	287	9	1	2	2	7	0	5	2	3	1	5	3	3	5	0	0	1	17	28	52	7	17	16	64	18	33	35	43	18	11	20	16	9	0	3	1	3	1	12	16	17	0	2	3	6	0	2	2	1
