239	261	25	462	930	2136	310	5176	336	317	51	869	245	401	57	1172	330	95	19	283	21	26	20	39	65	171	11	130	59	40	3	195	5746	1476	11764	1589	1048	1143	8916	1202	5297	4414	10662	3227	1002	932	4756	882	174	290	112	1825	35	302	60	151	45	142	164	239	613	95	50	527	1882	787	2106	639	1298	966	2359	1295	1555	680	1441	825	1361	1090	1368	2006	44	85	80	223	81	350	468	616	20	42	87	280	42	54	210	513
321	280	32	491	1109	2036	322	5354	368	492	99	1229	333	426	60	1273	334	125	32	295	61	50	27	82	90	182	23	167	120	83	16	366	5240	1345	10953	1408	947	1109	8178	1069	4276	4705	11813	3166	1050	1121	4233	1191	465	466	167	2202	144	515	200	481	118	254	236	333	1062	168	158	873	2898	1072	2527	1327	1774	1243	2536	2200	2658	1209	1949	1498	1775	1541	1375	2722	162	202	151	672	157	657	638	2127	68	205	219	1046	170	137	278	1245
674	368	64	495	978	1341	321	3566	949	404	119	1043	777	609	117	1732	301	123	32	265	75	79	30	102	78	159	27	142	143	115	21	332	3635	1031	4768	1197	769	885	3628	918	2975	3267	5906	2226	806	851	2046	787	254	304	156	1610	138	326	181	374	89	155	153	234	795	132	84	614	1774	640	1701	623	1074	816	1926	1325	1445	766	1307	823	1156	958	1089	1450	120	84	115	348	128	390	403	1720	56	101	215	622	133	91	192	882
554	423	55	723	1742	2356	435	7976	789	523	136	1468	689	689	101	2424	347	130	33	281	60	68	37	77	99	211	24	133	121	112	13	274	5620	1618	5642	1913	1163	1459	4338	1433	4906	4831	7965	3467	1126	1155	2290	1128	322	478	180	2302	148	423	199	289	105	211	173	307	793	142	71	707	2362	1047	2769	960	1696	1271	3155	1747	2232	1059	2091	1272	1647	1331	1659	1984	65	135	107	395	138	483	542	1309	61	129	279	787	77	116	239	824
246	118	21	136	159	88	17	143	258	90	21	169	273	188	39	463	61	30	6	60	31	20	7	51	18	15	2	20	89	49	10	136	210	91	1064	177	144	101	648	150	121	171	831	121	199	152	433	202	68	53	59	177	53	49	62	77	18	31	24	47	131	42	29	115	172	67	85	160	61	61	59	67	96	49	55	91	80	78	57	106	39	10	30	37	19	19	29	67	16	3	44	28	63	21	42	113
596	362	115	572	1252	1589	344	4568	1062	633	196	1620	747	612	125	2054	226	93	25	191	44	32	17	56	72	130	21	91	106	76	10	275	3373	1085	4305	1094	899	993	3440	999	3281	4815	9896	3025	866	1053	1797	1021	253	474	147	1698	98	335	121	259	78	264	162	241	805	149	63	536	1538	616	1387	594	821	718	1510	985	1415	1114	1440	842	1026	1127	988	1502	83	107	86	313	115	412	478	1248	50	139	201	864	117	104	198	759
626	377	49	577	1078	1475	272	4000	1018	833	151	1947	671	535	103	1729	255	111	19	218	54	53	17	94	68	120	16	124	104	75	12	237	2712	1190	4213	1244	752	952	3065	975	2901	4507	7656	3323	724	856	1711	909	237	414	172	1789	104	396	179	396	83	269	168	271	670	155	122	545	2298	1066	2696	952	1345	1199	2637	2007	2142	1411	2106	1246	1215	1524	1193	1784	117	252	215	744	177	671	763	2353	66	407	449	2065	126	169	263	1142
870	2151	68	4247	2083	1021	177	8542	1329	1388	91	6763	23822	5015	719	216989	415	147	7	131	26	18	7	30	228	217	5	177	57	60	6	151	1611	2753	8210	3858	1071	1569	4117	2388	6318	20339	32010	24801	7909	22845	127415	53685	1018	370	68	3678	100	135	88	267	166	166	29	249	1154	367	265	2196	8440	3449	1506	3298	877	721	475	639	16989	13183	4488	12408	6600	4477	1920	4299	1129	1148	632	8291	1295	590	1041	6930	855	1193	700	2789	6906	5116	1630	75301
447	953	48	2292	618	292	63	2537	482	435	37	1504	12463	1296	279	84443	67	39	4	64	10	13	4	12	57	45	2	69	20	26	2	83	578	976	2500	1425	229	365	982	552	921	3534	5115	4126	1153	3508	18777	9836	316	108	33	1670	35	51	49	161	37	44	13	143	483	146	155	1186	1266	730	473	1079	195	236	233	257	1980	1711	640	3117	1391	1394	785	2002	696	655	268	5193	551	228	350	2437	189	308	183	841	3639	1429	650	31212
152	81	12	93	109	52	17	90	137	58	10	92	186	132	21	250	51	32	7	44	17	9	3	32	18	16	2	14	36	32	7	58	166	77	627	92	89	77	394	120	86	84	499	83	103	109	270	101	70	46	34	113	32	30	42	61	20	22	22	31	69	27	23	64	127	45	56	134	33	46	41	61	52	41	30	65	56	58	27	83	19	10	25	38	12	15	30	39	12	4	25	28	23	18	38	80
179	221	23	315	871	1712	278	4633	246	325	66	768	165	226	37	782	242	107	15	242	40	28	22	44	51	142	16	106	51	52	3	188	3406	1149	4768	1244	683	868	3313	886	3067	4028	5717	2824	653	754	1772	724	214	283	113	1576	84	453	132	274	91	196	169	241	568	90	71	458	3137	1405	4093	1112	2115	1633	4419	1884	3157	1357	2971	1721	1601	1475	1616	2002	80	219	137	383	151	747	925	1388	45	165	215	748	62	90	204	582
733	302	41	429	489	263	42	411	965	243	70	575	930	495	99	1512	143	72	19	172	78	56	12	116	52	67	5	65	134	81	13	288	374	172	1012	281	227	161	672	236	221	242	937	257	257	235	476	338	191	84	102	312	95	121	92	273	60	50	79	131	349	106	70	312	487	151	200	320	196	178	151	408	176	114	96	203	507	188	169	261	194	34	89	197	83	64	90	707	45	23	81	210	239	72	92	552
1436	2088	225	9082	2554	976	218	10376	1170	1422	83	5948	47830	5395	1481	281651	324	195	12	208	30	31	11	59	174	237	3	291	58	72	12	263	1541	2508	6099	4414	905	1325	2586	2197	2010	7760	9315	10212	3525	9261	48866	26052	720	327	97	3661	162	241	243	624	106	149	51	388	1327	512	646	4674	5870	2834	3159	5758	985	1123	1590	1525	7210	5768	3549	12023	6056	5279	4578	10979	4316	3163	1727	26695	4194	1300	2642	17317	986	1284	768	3862	20705	7202	3251	145165
204	107	16	119	172	75	17	150	328	81	22	177	297	154	36	525	42	20	6	35	18	17	5	26	16	22	3	16	94	39	6	121	148	82	831	119	121	103	588	120	115	112	715	118	182	154	398	199	48	36	40	141	20	38	26	60	12	14	18	24	112	24	15	103	135	58	81	95	53	67	50	60	87	59	56	89	76	58	55	84	29	5	24	30	17	16	29	49	5	10	14	36	30	15	33	80
577	822	59	2085	866	306	67	2906	843	477	54	2175	10843	1808	241	94456	104	65	7	78	31	24	4	36	59	66	4	60	103	46	14	149	642	1196	3060	1799	261	406	1158	646	1358	5462	7373	6435	1539	4917	19213	12843	342	169	58	1553	57	88	65	224	53	64	31	143	593	168	109	970	1772	837	485	1215	231	270	186	384	3110	2614	777	3969	1695	1573	770	1911	438	659	198	4286	526	217	304	3027	163	347	150	912	2387	1640	508	29876
429	108	21	183	263	93	22	231	637	107	31	319	584	340	63	960	40	20	13	35	25	19	8	25	19	27	3	27	69	28	6	94	171	111	858	125	116	101	625	151	106	118	783	114	172	143	387	194	33	20	31	115	18	25	38	43	18	13	14	17	136	22	21	78	134	64	69	119	65	39	50	69	80	51	65	94	84	76	50	114	23	5	21	32	12	21	24	46	12	7	23	25	23	9	31	102
4207	6046	672	43284	8929	4437	918	53093	3601	4253	224	24038	84127	18606	2854	655929	2994	941	32	1630	77	60	14	140	1424	722	12	1247	189	195	14	525	9668	11962	18004	19978	3820	5981	8592	10335	8866	23946	22558	29330	11735	28396	96494	72628	2745	1337	560	16454	1053	2320	1647	5245	376	929	167	2204	4015	3116	2491	20827	29844	18523	19343	35412	6571	9491	8925	14138	28537	22801	16410	47024	27431	29016	20527	59430	11136	13169	7420	106040	12227	6518	10633	71393	2676	4945	2600	15007	32162	21850	8774	339431
343	150	26	182	219	121	23	184	436	111	33	258	429	267	46	679	89	61	12	149	49	35	7	79	25	52	4	55	161	92	17	333	199	106	743	152	138	113	446	162	138	160	546	157	269	193	376	264	107	59	68	181	64	97	68	256	46	41	37	82	227	57	45	213	258	105	117	255	139	210	138	664	133	82	70	192	325	105	95	267	134	33	52	259	68	71	64	1438	32	13	36	267	199	67	93	511
359	185	24	216	248	121	33	243	386	146	46	267	463	233	51	725	131	67	7	204	67	57	15	95	44	75	12	102	214	113	18	464	275	123	1128	210	207	150	693	205	189	246	1064	226	291	212	513	301	134	91	102	305	70	74	81	207	71	54	47	82	369	89	63	266	392	123	168	304	163	127	114	206	168	118	106	158	376	192	131	253	139	23	62	145	83	40	69	255	46	19	47	106	213	65	106	459
503	231	43	244	357	141	48	314	636	158	35	395	611	337	55	1027	160	86	13	219	81	33	10	97	36	72	3	88	216	110	20	496	292	129	1321	235	212	148	749	218	223	222	1030	242	333	231	637	323	157	79	99	275	78	92	73	219	50	38	45	105	379	83	70	265	380	95	160	297	196	130	109	296	177	107	100	187	323	158	140	305	165	24	62	167	65	61	93	966	31	26	69	230	258	79	125	494
379	435	48	488	1319	1909	345	5435	446	613	122	963	380	426	62	1266	267	128	21	346	49	41	22	85	69	298	15	191	117	104	10	352	4373	2018	4231	2103	1509	2873	2979	3633	6033	10322	5976	7961	2306	3140	1686	2825	1018	1103	430	3132	284	544	429	338	576	974	659	632	979	364	290	687	5912	1891	3971	2845	3494	1675	4240	2412	8327	2566	5408	5258	5453	2763	2941	3869	181	206	153	392	129	408	412	792	81	152	164	565	205	132	279	705
619	205	42	310	400	191	63	494	959	235	61	655	965	549	110	1674	67	37	8	86	38	29	11	59	33	36	9	32	72	50	6	138	322	172	1103	291	264	260	761	310	197	215	980	226	279	277	520	286	105	56	60	328	42	42	40	100	28	19	24	64	283	42	44	208	284	85	161	185	97	75	113	147	140	92	69	131	183	138	97	196	64	19	39	67	42	28	52	143	8	9	33	64	67	34	48	181
503	222	49	299	414	193	48	334	668	149	41	398	682	366	75	1071	166	67	29	157	64	55	14	90	54	49	11	82	148	90	10	274	325	185	1020	273	241	216	701	271	188	162	857	190	284	247	457	317	140	74	79	265	63	100	78	152	56	47	51	71	260	71	56	231	382	120	175	294	136	127	133	277	138	74	93	144	311	157	116	243	123	30	69	127	48	60	78	365	46	26	65	83	184	45	103	303
470	210	42	256	410	184	49	402	582	185	37	398	526	331	80	1043	79	55	12	98	41	61	16	78	42	57	8	50	114	86	14	199	282	184	1321	257	238	169	911	215	223	270	1178	208	265	245	589	302	118	75	74	383	62	79	74	125	37	42	52	76	259	54	48	220	321	120	162	242	113	137	133	233	185	104	134	188	222	160	97	279	70	28	51	79	43	42	87	245	29	22	56	87	77	52	85	228
467	290	49	399	328	242	35	289	302	151	20	270	449	279	46	535	213	153	35	531	117	79	19	201	55	198	7	159	375	192	23	1021	403	152	871	293	216	168	591	304	193	220	699	222	315	320	408	414	212	128	177	349	145	270	209	589	97	92	116	212	284	156	134	453	373	189	219	383	205	486	328	897	214	165	179	301	330	264	152	361	230	105	104	682	121	299	218	3256	52	79	105	810	314	148	155	1483
148	67	5	128	299	447	95	1257	203	98	34	286	158	133	26	482	81	28	6	48	9	8	3	6	20	37	3	25	11	11	3	40	1339	345	2071	372	277	335	1449	345	1196	1106	2221	790	306	293	830	266	54	84	34	658	16	72	25	39	23	57	43	62	212	29	11	169	387	154	420	144	253	194	423	227	393	167	315	204	337	252	295	404	10	23	17	57	28	55	58	117	8	13	28	74	12	21	36	111
296	124	21	168	153	95	15	136	377	103	26	224	382	229	60	605	69	50	9	101	21	18	10	46	37	41	1	41	100	54	7	196	200	89	1118	177	138	124	738	162	143	170	902	169	237	199	541	227	83	45	55	169	36	40	36	69	18	21	29	40	122	25	21	88	169	78	89	174	73	65	76	100	91	78	79	116	119	82	56	138	58	11	34	50	26	20	27	55	19	13	23	36	60	27	44	129
861	2565	84	4518	2353	1219	241	9478	1283	1552	97	6170	18422	4228	588	169593	715	253	14	218	44	30	13	59	359	215	3	157	112	82	15	176	1918	2962	9612	4028	1509	2245	5827	3375	5411	16847	28688	19307	6003	18090	95589	38207	1037	379	116	4316	124	197	136	450	202	199	60	364	1129	536	353	2748	12356	4699	2994	5263	1459	1567	1117	1335	23216	15674	9192	19091	10030	7270	4104	8914	1779	2047	1010	13486	2669	1309	2221	12751	1053	1651	1067	3989	8953	8103	2348	102642
327	208	20	216	222	134	23	136	217	115	18	161	314	189	30	408	92	61	10	200	59	44	7	82	30	62	6	55	161	82	9	422	205	106	682	152	144	103	457	152	123	126	523	118	357	235	332	282	132	61	86	161	134	73	88	243	56	37	56	80	243	66	91	302	226	58	88	168	203	78	64	142	125	37	40	74	367	92	73	129	115	17	43	91	60	32	41	180	42	18	28	51	183	38	68	319
255	161	20	167	135	100	22	139	229	90	19	130	201	165	28	306	85	49	11	83	33	23	8	81	28	38	6	43	85	61	8	169	207	99	796	198	142	122	469	170	123	128	586	139	216	143	329	217	64	48	66	162	56	70	54	112	32	29	37	68	126	48	41	151	182	68	96	191	60	80	67	107	76	62	56	98	135	77	43	131	53	24	46	56	24	34	45	122	31	12	26	56	58	41	45	142
370	131	20	216	246	108	35	195	501	110	43	304	385	221	51	694	87	42	11	85	35	35	8	51	39	36	14	44	80	68	7	188	221	93	832	186	164	135	566	148	149	124	681	138	166	147	383	183	86	31	54	167	50	36	43	77	27	33	27	54	147	33	41	136	219	65	123	175	105	84	91	133	93	58	76	94	152	97	73	147	51	12	41	54	34	27	51	131	31	10	29	41	67	23	70	170
1564	2276	159	11724	4277	1351	347	21621	1743	1868	113	13054	36579	7750	715	307317	436	187	30	338	41	40	13	83	222	294	11	263	138	93	13	311	2383	3493	8309	5175	1312	1868	4066	2879	4984	18689	25677	22757	5196	15475	58506	35411	934	524	149	5960	224	409	284	934	151	266	67	571	1869	678	493	4193	10627	5856	3551	8020	1403	1897	1488	2556	16167	17530	5757	19659	8555	8254	4218	11982	2829	3126	1191	25190	3129	1247	1856	17659	1290	1997	969	5532	7934	6377	1527	102583
388	213	30	246	308	194	27	327	438	140	44	299	454	249	41	673	171	100	40	176	90	58	16	120	76	53	15	95	189	139	18	338	302	136	965	196	216	161	602	234	232	237	881	252	308	237	406	262	143	94	108	272	86	92	104	163	47	53	54	109	310	101	77	242	367	150	192	253	154	141	130	183	175	126	111	161	297	186	138	297	114	37	90	147	63	45	109	194	40	27	63	98	154	63	139	312
301	158	21	155	222	95	26	181	394	128	45	242	395	224	50	655	66	38	9	51	33	22	12	43	20	27	6	28	72	41	8	127	233	96	1223	161	158	107	758	148	150	149	953	160	191	186	520	217	65	44	40	140	23	33	43	68	25	12	29	28	137	32	25	118	164	71	109	194	77	57	74	76	109	74	71	119	126	97	52	131	38	12	23	39	31	19	37	63	13	5	20	50	53	22	53	134
157	83	8	77	146	49	16	149	208	55	22	152	212	99	34	372	26	14	4	43	17	15	2	29	13	10	3	14	51	23	8	95	124	68	577	106	64	78	345	103	70	106	485	83	138	104	244	120	45	27	29	130	22	18	16	33	11	13	16	22	113	20	15	59	108	35	70	98	45	36	47	58	57	47	35	49	83	58	33	79	20	6	12	28	10	15	10	41	10	8	11	24	28	18	29	83
375	155	19	212	300	116	29	198	527	137	43	326	453	252	46	760	62	44	8	74	27	25	3	47	21	36	2	27	78	50	9	152	250	124	888	184	143	121	498	183	144	159	635	172	234	190	372	243	76	55	53	174	47	45	48	123	19	30	31	58	154	39	34	172	215	74	102	223	87	102	79	141	103	71	57	126	133	87	56	154	46	21	33	101	33	31	38	339	22	23	36	122	62	44	58	219
460	211	26	191	331	154	47	259	691	163	43	430	523	299	61	837	64	31	8	78	34	33	9	60	42	30	1	40	74	44	15	171	287	165	1409	247	213	196	942	225	185	204	1067	241	324	244	652	305	87	69	59	240	41	63	56	144	28	32	26	72	193	58	36	168	190	96	112	178	121	120	127	228	98	77	90	116	132	123	98	183	38	13	40	125	26	50	54	451	18	13	43	159	63	33	68	271
208	118	18	126	147	73	10	118	208	60	14	137	246	144	14	378	48	33	6	63	33	16	3	32	10	19	5	30	74	58	5	153	172	81	863	136	121	98	411	141	96	103	547	127	237	179	316	243	71	51	61	129	31	46	48	94	23	23	33	50	132	46	42	145	191	73	94	196	74	76	39	86	80	55	45	107	122	67	56	134	60	17	32	55	14	25	39	123	7	8	35	41	66	29	32	181
434	131	27	207	341	121	43	248	716	156	50	470	655	380	81	1144	42	36	6	56	21	19	8	35	19	16	6	26	64	48	4	116	203	121	888	163	195	191	515	169	110	129	705	124	201	158	373	200	53	34	36	139	19	39	26	71	17	24	18	29	149	21	25	130	146	46	65	109	48	41	50	66	65	56	46	50	75	71	37	99	42	5	17	26	12	7	22	63	9	6	18	31	46	13	34	138
273	132	24	134	194	79	23	173	316	96	24	193	291	157	27	523	78	30	9	75	50	22	11	62	30	34	7	46	103	68	17	234	177	94	894	139	154	113	602	141	137	148	739	121	180	151	403	207	66	52	54	206	41	39	51	67	25	24	33	42	147	37	26	134	199	68	123	197	69	63	65	122	99	66	77	123	107	84	53	149	37	13	28	53	31	20	43	135	10	13	35	44	60	25	44	154
348	180	27	226	215	169	22	188	316	148	22	239	340	184	44	467	91	65	11	118	70	62	10	86	43	35	3	63	91	48	11	163	248	118	1028	202	152	138	671	213	154	182	868	164	185	202	470	218	92	87	77	177	70	94	93	209	52	51	54	98	185	59	39	197	218	95	125	215	116	150	106	311	101	77	69	119	146	105	74	178	57	35	57	120	33	51	66	539	27	19	62	158	58	45	78	252
573	165	36	203	407	161	48	395	887	191	60	542	730	409	94	1381	70	48	8	63	37	21	8	46	11	31	11	24	76	48	9	122	270	148	1423	201	199	164	994	259	186	213	1288	234	282	238	686	300	63	51	48	259	37	44	55	109	30	25	34	41	270	33	32	155	201	78	110	168	99	86	90	154	169	84	75	125	162	128	76	189	51	18	36	86	44	37	38	186	15	13	31	62	72	32	47	213
463	211	37	246	292	154	39	254	541	135	41	315	535	304	47	813	119	57	12	166	51	38	18	70	31	58	10	48	128	79	14	284	295	175	1310	236	198	184	802	237	186	190	1103	194	272	243	587	299	119	75	93	229	45	73	82	149	55	31	52	66	197	71	49	212	243	84	138	221	112	108	97	196	139	79	79	128	208	114	76	191	110	32	40	130	45	59	72	420	36	23	39	122	124	60	61	333
250	151	17	151	166	126	23	166	213	95	23	136	246	174	21	367	101	62	16	115	53	36	22	88	42	41	10	63	123	77	15	249	218	85	610	144	130	112	398	134	138	99	470	128	209	163	287	238	77	67	84	157	65	79	73	159	38	44	55	86	124	55	46	177	212	93	122	228	86	104	64	183	90	53	58	97	140	82	55	184	52	22	62	83	36	36	63	273	20	12	55	95	80	48	79	194
493	225	32	277	417	168	57	384	705	190	46	449	623	317	64	1040	111	78	18	195	78	51	11	131	61	65	17	75	141	117	16	388	316	175	1237	253	236	169	849	247	218	213	1086	233	250	234	603	312	130	81	72	331	93	141	98	405	62	65	52	149	356	78	64	348	394	111	162	310	243	336	211	892	144	130	122	234	473	207	145	362	203	61	59	427	113	178	110	2587	35	50	82	591	342	120	112	1045
352	220	41	262	300	197	34	236	239	131	19	200	328	233	40	494	134	97	27	224	62	59	13	108	44	66	8	86	265	117	19	585	228	129	575	160	156	127	385	174	164	126	469	185	346	218	265	270	143	98	99	219	321	117	107	362	98	56	65	113	307	114	84	351	298	80	112	214	531	191	94	159	279	74	69	95	640	145	126	200	146	25	71	109	196	68	69	160	66	29	49	82	346	109	125	373
297	191	25	205	234	158	36	185	249	100	28	165	370	200	34	508	111	55	18	203	46	34	8	99	44	58	7	80	152	94	15	388	254	149	1122	183	203	138	683	178	181	170	926	167	257	207	479	289	138	82	111	218	91	77	77	200	54	50	56	92	234	67	59	204	270	90	135	251	126	94	74	133	132	75	65	131	208	113	62	179	122	30	77	94	47	37	44	112	33	13	42	58	169	66	73	255
3629	4824	499	28963	7915	3358	794	40332	3482	4412	296	25839	94495	16521	2625	727224	1271	727	90	979	277	228	77	436	623	845	57	973	560	485	49	1281	5038	7588	14115	13642	2599	3849	6979	7000	8352	28791	32137	38918	10445	28082	109102	73856	2400	1241	550	10941	971	1730	1145	4247	453	871	285	1888	3920	1960	1863	12896	25230	14218	12682	23627	5414	7108	6829	13363	28433	27800	13268	42960	24785	19202	13721	35938	12873	10874	6086	91868	11923	5304	8928	68245	3760	6391	3574	19532	39301	20732	9139	381341
301	164	19	182	206	113	19	195	350	111	21	234	347	184	26	503	77	49	12	101	38	39	7	63	41	35	8	43	111	59	14	184	246	100	809	199	137	111	525	168	125	129	697	163	237	179	392	248	108	61	81	249	70	75	72	211	26	31	39	111	178	73	55	246	232	103	158	220	138	162	126	345	82	74	89	171	195	135	85	217	95	33	54	223	40	66	73	829	29	20	49	208	119	60	84	448
410	223	25	253	286	199	29	270	307	124	20	254	361	253	34	529	217	91	36	216	122	91	27	140	84	87	18	141	262	184	20	531	317	161	692	301	233	200	485	294	196	163	596	195	326	263	301	355	195	128	110	288	150	142	133	224	90	66	59	130	309	111	94	341	418	160	166	383	233	197	121	178	184	75	92	171	484	189	124	317	149	41	94	116	70	81	96	189	54	44	119	89	266	104	144	442
205	107	17	122	241	115	40	354	215	84	23	178	243	166	32	551	71	37	9	68	26	27	9	30	24	32	5	45	44	32	3	92	211	119	900	143	116	103	555	152	117	147	770	154	152	151	385	133	57	51	46	234	35	31	46	85	27	21	17	57	184	29	22	161	222	83	138	184	119	93	103	148	121	59	92	131	153	114	83	191	37	8	36	64	29	34	49	141	12	12	32	62	58	25	36	186
173	87	20	98	125	72	13	115	237	57	19	126	193	145	22	367	47	26	5	57	33	21	2	30	17	19	3	26	77	38	4	155	147	69	963	119	99	89	583	121	99	113	698	114	157	113	394	149	65	29	56	122	37	40	57	70	35	24	28	38	93	25	36	90	157	49	73	122	81	52	61	63	79	48	48	74	125	63	51	100	36	11	22	31	20	20	26	80	16	10	32	30	59	18	52	90
373	538	36	260	1738	1708	139	934	365	666	46	299	624	467	62	646	164	90	12	166	197	322	38	176	66	154	16	81	145	119	25	303	287	340	1025	400	333	413	727	576	237	509	861	306	277	496	503	413	235	126	94	423	248	188	166	311	125	36	51	153	270	89	95	394	369	138	121	533	179	340	198	377	186	88	80	315	252	150	87	426	93	25	46	89	61	56	64	120	32	18	43	70	116	48	77	288
411	234	21	261	387	194	39	350	513	181	37	327	533	285	51	900	116	66	11	170	54	47	13	108	38	68	9	74	214	123	15	387	290	187	1301	245	229	223	829	244	211	278	1130	262	375	342	603	374	208	116	108	385	78	92	83	198	45	60	36	100	314	92	62	336	372	156	159	509	134	122	103	144	174	93	77	198	278	150	82	414	94	34	44	97	58	38	66	194	29	24	41	84	122	49	78	383
311	184	21	161	252	139	29	208	296	111	24	202	321	226	31	430	77	52	13	102	60	51	17	104	35	48	7	56	114	73	6	263	274	148	868	222	195	178	565	217	155	151	723	168	323	259	389	304	119	82	74	192	67	58	62	131	49	24	48	76	156	58	49	186	241	90	126	269	94	109	95	141	113	66	54	119	141	85	52	164	66	14	58	78	41	23	53	167	19	17	53	69	95	30	71	210
234	106	15	114	153	76	14	115	258	78	18	168	303	152	27	450	50	24	3	44	25	16	3	36	22	24	5	19	54	36	6	101	164	87	891	122	117	85	543	137	118	108	630	120	160	134	372	178	180	115	54	255	37	39	39	72	25	37	22	58	176	62	29	240	313	117	96	491	68	30	48	94	91	47	51	122	120	83	54	361	50	18	28	48	25	16	23	99	23	15	17	53	67	41	44	300
165	103	21	94	184	60	10	127	221	71	20	150	240	129	29	404	28	19	5	53	20	13	5	33	9	25	4	16	68	34	3	136	128	79	663	100	92	75	371	101	81	93	477	81	130	129	255	153	48	33	32	107	39	41	17	83	16	16	24	24	85	27	18	78	131	41	65	93	60	40	35	75	65	34	25	69	79	41	31	73	40	10	16	35	17	19	17	75	14	6	21	38	54	22	28	100
225	111	7	119	215	59	34	161	278	59	9	183	291	148	33	471	43	21	3	39	9	7	0	23	7	13	8	11	42	23	2	73	119	63	729	103	76	59	298	96	75	71	397	81	127	93	290	137	52	24	29	102	24	26	35	55	18	14	11	31	112	26	23	59	127	35	70	100	37	40	25	64	65	46	30	83	61	55	33	84	32	7	12	37	11	10	13	71	8	5	21	22	35	18	22	77
240	134	19	103	145	73	9	132	219	62	22	171	301	203	36	569	43	18	3	55	22	15	4	29	10	20	2	16	58	22	5	78	165	85	1020	130	110	76	433	141	108	112	605	125	155	159	406	161	62	31	38	172	18	22	36	40	28	17	14	20	139	27	17	86	151	53	73	145	60	52	53	62	91	49	41	112	88	71	40	138	35	13	18	49	14	12	25	50	3	4	11	34	38	23	28	114
280	206	21	190	230	170	27	221	177	119	22	158	350	197	28	519	194	115	21	422	88	72	10	183	47	105	10	138	344	164	30	847	262	113	826	182	210	130	498	195	217	161	607	180	311	249	349	304	170	92	103	313	219	128	101	336	80	57	71	126	450	136	124	470	365	120	165	248	408	212	137	239	240	104	101	152	641	174	172	313	232	43	68	185	246	97	68	431	75	41	64	124	520	167	163	816