"A[C>A]A"	"A[C>A]C"	"A[C>A]G"	"A[C>A]T"	"C[C>A]A"	"C[C>A]C"	"C[C>A]G"	"C[C>A]T"	"G[C>A]A"	"G[C>A]C"	"G[C>A]G"	"G[C>A]T"	"T[C>A]A"	"T[C>A]C"	"T[C>A]G"	"T[C>A]T"	"A[C>G]A"	"A[C>G]C"	"A[C>G]G"	"A[C>G]T"	"C[C>G]A"	"C[C>G]C"	"C[C>G]G"	"C[C>G]T"	"G[C>G]A"	"G[C>G]C"	"G[C>G]G"	"G[C>G]T"	"T[C>G]A"	"T[C>G]C"	"T[C>G]G"	"T[C>G]T"	"A[C>T]A"	"A[C>T]C"	"A[C>T]G"	"A[C>T]T"	"C[C>T]A"	"C[C>T]C"	"C[C>T]G"	"C[C>T]T"	"G[C>T]A"	"G[C>T]C"	"G[C>T]G"	"G[C>T]T"	"T[C>T]A"	"T[C>T]C"	"T[C>T]G"	"T[C>T]T"	"A[T>A]A"	"A[T>A]C"	"A[T>A]G"	"A[T>A]T"	"C[T>A]A"	"C[T>A]C"	"C[T>A]G"	"C[T>A]T"	"G[T>A]A"	"G[T>A]C"	"G[T>A]G"	"G[T>A]T"	"T[T>A]A"	"T[T>A]C"	"T[T>A]G"	"T[T>A]T"	"A[T>C]A"	"A[T>C]C"	"A[T>C]G"	"A[T>C]T"	"C[T>C]A"	"C[T>C]C"	"C[T>C]G"	"C[T>C]T"	"G[T>C]A"	"G[T>C]C"	"G[T>C]G"	"G[T>C]T"	"T[T>C]A"	"T[T>C]C"	"T[T>C]G"	"T[T>C]T"	"A[T>G]A"	"A[T>G]C"	"A[T>G]G"	"A[T>G]T"	"C[T>G]A"	"C[T>G]C"	"C[T>G]G"	"C[T>G]T"	"G[T>G]A"	"G[T>G]C"	"G[T>G]G"	"G[T>G]T"	"T[T>G]A"	"T[T>G]C"	"T[T>G]G"	"T[T>G]T"
3	1	0	0	0	0	1	1	0	0	0	0	1	0	0	0	0	0	0	0	0	0	0	1	0	0	0	0	1	0	0	1	2	11	1	2	13	16	6	14	0	3	3	1	24	50	32	12	0	0	0	2	0	0	0	0	0	0	0	0	0	0	2	1	0	0	0	0	0	0	1	2	0	0	0	2	0	3	0	0	0	0	0	0	0	0	1	0	0	1	2	1	0	0	1	1
0	1	1	1	0	1	4	7	3	0	0	1	7	10	3	6	0	2	2	0	0	3	6	1	0	1	2	0	0	2	0	2	4	77	7	19	173	242	62	181	4	59	4	47	312	645	274	197	5	0	1	11	0	3	1	6	1	0	1	1	2	1	4	11	5	2	5	1	2	5	3	8	2	1	3	21	3	2	5	1	1	2	2	2	0	4	3	3	0	1	1	5	0	2	1	4
2	0	2	0	4	0	2	2	0	1	1	0	1	6	0	1	0	0	0	0	0	0	0	0	2	3	1	0	2	3	2	2	4	27	5	11	71	110	35	82	2	28	4	21	138	329	119	93	0	0	2	7	0	1	3	0	2	1	1	1	1	2	3	4	2	1	0	3	2	3	0	7	3	1	3	15	4	2	5	1	0	0	1	2	0	1	7	4	1	1	7	1	1	1	5	1
0	1	0	0	4	0	1	0	0	0	1	0	0	0	0	0	0	0	0	0	0	1	0	0	0	0	0	0	0	0	0	0	0	4	2	0	9	13	3	8	0	1	1	1	5	22	14	3	0	0	1	0	0	0	0	0	1	0	1	0	0	0	0	0	1	2	1	0	0	0	0	1	0	0	0	0	0	0	0	0	0	0	0	0	0	0	0	0	0	0	0	0	0	0	0	0
0	0	0	0	2	0	0	0	0	0	0	0	0	0	0	2	0	1	1	0	0	0	1	0	0	0	0	0	1	1	1	0	1	15	2	3	16	34	13	26	0	9	0	3	35	109	50	29	2	1	0	1	0	0	0	0	0	0	0	0	0	0	1	0	0	0	2	3	1	0	1	2	1	0	2	6	0	0	0	1	0	0	0	0	0	0	0	0	1	0	1	0	0	1	1	1
0	2	0	0	1	0	0	0	1	0	0	0	1	0	0	1	0	0	0	0	0	1	0	0	0	0	1	0	1	0	0	0	0	12	2	5	27	57	8	37	0	13	0	8	31	121	44	39	0	0	0	1	0	0	0	1	0	1	0	0	0	1	0	1	0	0	2	1	1	1	1	0	0	0	2	6	2	1	1	0	0	0	0	0	0	0	0	0	0	0	0	0	0	0	0	0
1	0	0	0	5	2	1	1	0	0	0	0	1	0	0	1	0	1	0	0	0	0	0	0	0	0	0	2	0	0	0	0	2	11	0	0	24	32	11	22	0	8	2	5	16	77	32	25	0	0	0	0	0	0	0	1	0	0	0	0	0	0	1	1	1	1	1	1	0	2	2	0	0	1	0	1	2	0	2	0	2	1	0	2	0	0	0	0	0	0	0	1	0	0	2	0
1	1	0	0	4	2	0	0	0	0	0	1	1	6	0	1	3	1	2	1	1	1	0	2	1	0	3	0	0	2	2	3	1	26	5	6	43	88	26	63	1	22	3	17	103	223	110	65	0	0	4	1	2	2	3	0	0	0	0	1	1	0	1	8	0	1	1	0	0	2	1	5	4	1	1	5	0	7	3	0	0	0	2	2	1	0	3	8	0	0	4	4	3	1	1	3
0	0	0	0	2	1	3	1	0	0	0	0	1	1	0	0	0	1	0	1	0	0	0	0	0	0	0	1	0	0	0	0	1	5	1	3	17	16	5	10	0	2	1	1	21	47	28	11	0	0	0	0	1	0	1	0	0	0	1	0	0	1	0	0	0	0	0	0	0	1	0	0	2	0	0	2	1	1	0	1	0	1	0	0	0	0	0	0	0	0	1	0	0	1	0	0
0	0	0	0	2	4	0	0	0	0	0	0	2	1	0	5	1	0	1	0	0	2	0	1	0	0	1	0	2	1	1	1	0	19	5	0	35	54	13	32	2	10	3	12	72	148	74	41	2	1	1	1	0	2	0	2	1	1	0	0	0	0	1	1	1	1	0	1	0	3	1	3	0	0	0	9	0	3	1	0	0	0	1	1	0	1	1	1	0	0	1	0	0	0	0	1
1	0	0	1	0	0	0	1	2	0	0	0	3	2	1	1	0	1	0	0	1	0	1	2	0	0	0	0	0	0	0	1	0	10	5	8	48	71	23	46	3	11	0	6	67	156	76	54	1	1	0	5	0	2	1	0	0	1	0	1	3	2	1	2	3	1	1	0	0	1	1	3	0	0	0	4	2	1	0	1	0	1	0	1	0	1	0	2	0	1	1	0	0	1	0	0
0	0	0	0	2	0	0	1	0	0	0	0	0	0	0	1	1	1	0	0	0	0	0	0	0	0	0	0	0	0	0	0	1	3	0	3	3	10	2	5	1	3	0	3	12	24	12	5	0	1	0	0	0	0	1	1	0	0	1	0	0	0	1	1	0	0	2	0	1	0	1	0	0	1	2	2	1	0	1	0	0	0	0	0	0	0	0	0	0	0	1	0	0	0	0	0
0	0	1	0	5	0	1	0	0	0	0	0	2	2	0	1	0	1	0	1	0	0	1	0	1	1	0	1	1	1	1	0	1	28	2	7	53	58	29	60	1	32	2	4	98	197	98	65	1	0	0	1	1	0	0	3	0	2	0	2	3	2	0	3	2	2	2	1	1	0	2	3	1	0	0	5	1	1	1	3	0	0	1	1	0	0	4	2	2	0	1	1	0	2	1	1
1	1	0	0	1	2	1	2	0	1	0	1	2	1	0	0	0	0	0	0	1	0	1	2	0	1	0	0	0	0	0	2	0	8	3	2	19	18	8	10	1	5	3	4	16	41	15	14	1	0	1	0	0	1	1	1	0	0	0	0	1	0	0	0	0	1	0	1	0	2	1	0	1	1	0	0	1	0	0	0	0	0	0	1	1	0	0	2	0	0	0	0	0	1	0	2
1	0	0	0	2	2	1	2	1	0	0	2	0	5	1	3	0	2	1	1	0	1	1	0	0	1	1	0	2	0	0	2	1	9	4	4	51	90	19	51	1	20	3	13	83	198	94	57	1	1	3	6	0	0	0	1	1	0	0	1	1	0	1	3	1	0	2	1	0	0	2	3	1	0	1	8	3	0	0	2	0	1	2	0	0	0	0	2	0	1	1	1	1	0	1	1
0	2	0	0	6	2	0	0	0	0	1	0	0	1	0	0	1	0	0	0	0	0	0	0	0	0	0	0	0	0	0	0	1	14	0	2	14	30	10	18	1	4	4	4	20	64	31	22	1	0	0	1	0	0	0	0	0	1	0	0	1	0	1	0	0	0	0	1	0	0	0	1	1	0	0	3	0	0	0	2	0	2	0	0	0	0	1	2	0	0	0	0	0	2	0	0
1	2	0	0	1	1	1	5	0	3	1	0	1	1	0	1	1	1	0	1	0	0	1	1	0	0	0	0	1	0	1	2	0	21	7	5	45	72	24	61	1	10	5	13	71	155	77	52	2	0	0	1	1	4	0	2	0	0	0	0	1	1	0	1	0	1	2	0	1	1	2	4	0	1	1	6	1	0	1	3	0	0	1	0	0	0	0	0	0	1	2	0	4	0	0	1
0	0	0	0	1	0	0	0	0	0	0	0	1	0	0	0	0	0	0	0	0	0	0	0	0	0	0	0	0	0	0	0	2	4	2	4	6	16	4	4	2	4	1	4	9	22	8	8	0	0	0	1	0	0	0	0	2	0	1	0	0	0	0	0	0	0	1	1	1	0	0	0	0	0	0	2	0	0	0	0	1	0	0	0	0	0	0	0	0	0	0	0	0	1	2	0
1	0	0	0	8	2	0	1	2	0	0	0	1	1	0	0	0	0	0	0	0	0	0	0	0	2	0	0	2	2	0	0	2	13	3	4	30	40	14	26	1	9	1	14	34	119	58	28	1	1	1	0	1	1	0	0	0	0	1	0	1	1	0	5	0	0	1	0	1	1	0	2	1	0	0	4	2	0	1	0	0	0	0	0	0	0	0	2	0	0	0	1	0	0	0	0
1	1	1	1	3	3	2	2	1	0	0	1	5	2	1	4	0	0	0	1	3	0	1	2	0	1	4	1	2	1	0	2	4	50	2	18	132	138	42	123	2	48	8	19	173	417	223	116	0	1	1	8	1	1	2	5	0	1	0	1	3	3	3	7	2	1	5	4	3	7	1	10	1	1	5	14	7	3	3	3	2	2	1	0	0	1	2	1	1	1	3	2	3	1	2	5
0	0	0	0	0	1	0	2	0	1	0	0	1	1	0	3	0	0	0	0	0	1	0	0	1	0	2	0	0	0	0	2	0	24	0	6	42	56	18	41	0	13	1	14	58	139	83	54	1	1	1	4	1	2	1	3	0	0	1	1	1	1	1	4	0	0	2	0	3	1	0	3	1	1	0	3	4	0	3	6	0	0	0	0	0	0	0	1	0	0	1	1	0	0	1	2
2	1	1	0	1	3	3	8	2	2	0	0	2	3	1	1	0	1	0	1	0	4	1	0	0	1	0	0	0	2	0	1	2	23	4	15	77	87	32	107	0	26	6	23	149	305	169	88	1	0	0	2	2	1	4	6	1	1	1	1	1	2	1	2	2	2	3	0	3	1	1	1	1	2	1	4	3	4	4	3	0	1	0	0	0	1	1	0	1	1	2	2	0	0	1	0
0	0	0	0	4	1	1	1	0	2	0	1	2	4	1	2	0	0	0	0	0	3	1	0	0	0	0	0	0	0	0	1	1	47	3	11	137	213	39	149	3	44	2	36	177	485	214	113	1	1	3	1	1	2	1	0	0	0	1	1	2	2	2	6	2	1	2	1	2	2	2	2	2	5	5	11	0	2	4	2	0	0	4	0	3	3	1	2	0	0	0	0	0	2	1	4
0	1	1	2	1	0	2	3	0	2	1	2	7	0	0	3	0	0	0	1	1	1	0	2	0	0	0	0	2	1	0	1	2	21	1	4	77	107	29	73	2	22	5	14	89	267	116	90	2	2	3	2	0	3	1	2	0	1	0	1	2	3	7	15	1	0	2	3	0	2	3	7	2	1	2	11	5	3	0	4	1	0	3	2	1	0	1	2	0	0	1	0	0	3	0	3
0	0	0	0	2	0	1	0	0	0	0	0	0	0	0	1	1	0	1	0	0	0	0	0	0	0	0	1	0	0	0	0	0	0	4	0	3	7	3	9	0	3	0	2	6	12	14	5	0	0	0	1	0	0	0	1	0	0	1	0	0	0	0	0	0	0	1	0	0	0	0	0	0	0	0	1	0	0	0	0	0	0	0	0	0	0	0	0	0	0	0	0	0	0	0	0
2	0	0	0	0	0	1	2	1	0	0	1	3	3	1	1	0	1	2	0	0	0	2	0	0	0	1	1	0	1	0	1	1	12	3	6	47	40	15	39	0	23	4	12	45	123	75	41	0	0	1	1	1	0	0	4	0	0	2	1	3	0	1	5	0	2	0	2	2	0	1	5	1	0	2	8	1	6	0	1	1	0	0	0	0	2	1	1	2	1	1	1	1	1	1	3
0	0	0	0	0	0	0	0	1	0	1	0	0	0	0	0	0	0	0	0	0	0	0	0	0	0	0	0	0	0	0	1	0	0	2	0	0	0	0	1	1	0	1	1	0	0	0	0	0	0	0	0	0	0	0	0	0	1	0	0	0	0	1	0	0	0	0	0	0	0	0	0	0	0	1	0	0	1	0	0	0	0	0	0	0	0	0	0	0	0	0	0	0	0	1	0
1	0	1	0	1	0	0	0	2	1	0	0	2	2	0	0	2	1	0	0	1	1	0	1	3	2	0	0	0	0	0	1	2	1	4	0	1	3	2	0	5	0	7	0	1	1	3	1	0	0	1	0	0	0	1	0	0	0	0	0	0	1	0	0	0	0	0	0	1	1	2	1	1	2	2	0	0	1	0	0	0	0	0	0	1	0	0	0	0	0	0	0	1	0	0	0
0	0	0	0	4	0	0	0	0	0	0	0	0	0	0	0	0	0	0	0	0	0	0	0	0	0	0	1	2	0	0	1	2	1	1	0	0	1	3	1	0	0	1	0	2	1	2	1	0	1	0	1	0	0	0	0	0	0	0	0	0	1	0	2	0	0	1	0	0	0	4	1	1	0	7	1	0	0	3	0	0	0	1	0	0	0	0	2	0	0	0	0	0	0	1	2
1	0	0	0	4	1	0	3	0	0	0	0	0	1	1	2	2	0	0	0	1	0	1	0	1	0	0	0	2	0	0	0	0	9	2	3	25	25	9	24	1	9	3	4	39	101	35	16	1	1	0	2	0	1	2	0	1	0	1	0	0	0	0	0	0	0	2	2	0	1	1	2	1	0	1	4	0	1	0	0	0	0	1	0	0	1	1	2	0	0	3	1	0	0	0	0
2	1	3	0	5	4	4	2	0	0	0	1	1	1	0	1	1	0	1	0	2	0	0	0	0	0	0	0	1	1	0	0	0	7	3	7	36	65	11	28	1	17	2	6	28	120	55	25	0	0	2	2	1	0	1	0	0	1	1	0	0	0	0	2	0	1	0	2	1	1	0	1	1	2	0	1	0	0	0	0	2	1	2	0	0	0	0	0	0	0	2	0	0	1	2	0
0	1	0	0	0	0	2	1	1	1	0	0	1	4	1	2	1	1	1	1	0	3	0	1	0	0	2	0	1	1	0	3	1	22	6	9	98	108	41	100	5	24	3	19	105	240	112	97	0	0	2	1	0	1	1	0	0	1	1	0	1	3	1	4	3	0	1	4	5	0	0	12	1	0	1	12	2	1	0	2	1	1	1	0	0	0	3	0	0	1	2	0	0	1	1	1
0	0	0	0	0	0	1	0	0	0	0	0	0	2	0	0	0	0	0	0	0	0	0	0	0	0	0	0	0	0	0	0	0	4	1	4	8	11	4	10	0	4	0	0	9	33	15	10	0	0	0	0	0	0	0	1	0	1	1	1	0	0	0	0	0	0	0	0	0	0	0	1	0	0	1	0	0	0	0	1	0	1	0	0	0	0	1	0	0	0	0	0	0	0	1	0
3	0	1	0	0	0	1	1	0	0	0	0	2	0	0	1	0	0	0	0	0	0	0	0	0	0	0	2	1	1	1	3	1	10	2	3	21	27	12	29	1	7	2	4	23	64	30	30	0	0	0	0	0	0	0	1	0	0	0	0	0	0	0	0	0	0	0	1	0	1	1	1	1	1	1	6	1	1	0	0	2	1	1	0	1	1	1	0	0	0	1	0	0	0	0	0
0	0	0	1	1	0	0	0	0	0	0	0	1	0	0	3	0	0	0	0	0	0	0	1	0	0	1	0	0	2	0	2	0	0	2	0	1	2	2	0	0	0	2	1	2	1	2	1	0	0	1	0	0	0	0	0	0	0	1	0	0	0	0	0	1	0	3	0	0	0	1	1	0	2	0	1	0	0	1	0	0	0	0	0	0	0	0	1	0	0	0	1	0	0	1	0
0	0	2	0	3	4	2	3	1	0	0	1	0	1	1	4	0	1	0	0	0	1	0	0	0	0	1	1	0	0	1	3	1	15	5	3	33	48	17	48	1	15	6	14	66	150	78	53	1	1	0	2	0	0	0	0	1	0	1	0	0	1	1	3	0	1	0	2	1	1	0	2	0	1	0	4	1	1	1	0	0	0	3	0	0	0	0	0	0	0	0	0	0	1	0	1
1	2	0	0	1	1	0	1	1	0	0	0	2	3	0	0	2	1	2	0	1	0	0	0	1	1	1	0	0	2	0	1	0	14	3	4	29	55	26	30	0	16	1	5	44	113	57	40	0	1	0	0	0	1	1	1	1	0	1	1	1	2	1	3	1	0	1	1	0	2	2	4	0	0	0	4	1	1	3	1	0	0	1	0	1	1	1	1	0	0	3	2	0	1	1	1
0	0	0	0	1	1	0	0	0	0	0	0	0	1	0	0	0	0	0	0	0	0	0	0	0	0	0	0	0	0	0	0	0	0	2	0	2	0	1	2	0	1	1	0	2	2	3	1	0	0	0	0	0	0	0	0	0	0	0	0	0	0	0	0	0	0	0	0	1	0	0	1	0	1	0	0	2	0	0	0	0	0	0	0	0	0	0	0	0	0	1	0	0	0	0	0
0	0	0	0	2	0	1	0	0	0	0	0	0	1	0	0	0	0	0	0	0	1	2	1	0	1	0	0	0	0	0	0	1	8	2	8	35	40	13	36	1	11	1	5	46	108	55	45	0	2	0	3	0	0	1	0	0	0	2	0	1	1	0	0	0	0	0	2	1	1	0	2	1	0	0	4	1	2	1	0	0	0	0	0	0	0	0	1	0	0	3	0	1	0	0	1
0	0	0	0	0	2	1	0	0	0	0	1	2	1	0	0	0	0	0	1	0	1	0	0	0	0	0	1	1	0	0	2	4	18	1	7	48	68	13	42	1	9	2	13	85	237	100	66	0	0	0	3	0	1	0	0	0	0	1	1	2	1	2	1	0	1	1	0	1	1	1	5	2	0	0	9	2	0	1	1	0	2	0	0	0	0	1	0	0	1	0	0	1	1	1	1
0	0	1	0	1	0	0	0	0	0	0	0	0	1	0	1	0	0	0	1	0	0	0	0	0	0	1	0	0	0	0	0	0	5	0	1	5	7	6	8	0	3	2	1	4	22	8	7	0	0	0	1	0	0	0	0	0	0	0	0	0	0	0	1	1	0	0	0	0	0	0	1	1	0	0	2	0	0	1	0	0	0	0	0	0	0	0	0	0	0	0	0	0	0	0	0
1	0	1	1	2	1	0	0	0	0	1	1	0	2	1	1	0	1	0	1	1	0	1	2	0	2	1	0	0	0	0	1	1	7	2	2	40	39	15	36	0	16	5	10	37	99	50	24	1	0	1	3	0	1	0	1	1	0	3	1	0	0	2	1	2	0	3	1	2	2	0	5	0	0	0	4	1	0	2	0	0	1	0	0	1	1	1	1	0	1	3	0	1	0	1	1
0	1	1	0	0	0	0	0	0	0	0	0	1	1	1	0	1	1	0	0	0	0	0	0	1	0	1	0	0	0	0	1	0	0	1	0	0	0	0	0	1	0	0	0	0	1	1	1	0	0	0	0	0	0	0	0	0	0	0	0	0	0	0	0	0	0	0	0	0	0	0	0	0	1	0	1	0	0	0	0	0	0	0	0	0	0	0	0	0	0	0	0	0	0	0	1
0	0	0	2	2	0	0	3	0	0	0	0	1	1	1	0	0	1	0	1	0	0	1	1	0	0	0	0	0	0	0	0	0	9	2	2	18	25	6	16	2	8	6	4	16	61	40	23	0	0	1	0	0	1	1	0	0	0	0	0	0	1	0	1	1	0	1	1	0	0	0	0	3	1	0	3	0	0	2	0	0	0	0	0	1	0	0	0	0	0	0	1	0	0	0	0
0	0	0	0	6	0	0	2	1	1	0	0	0	1	0	0	0	0	1	0	1	0	1	0	0	1	0	0	1	2	0	0	1	13	4	3	33	78	13	47	0	9	2	1	34	131	53	50	1	1	0	1	0	0	0	3	0	0	1	0	0	0	1	1	0	0	2	1	0	0	2	2	1	0	0	2	2	1	0	2	0	0	0	0	0	1	1	4	0	0	2	0	2	2	0	0
0	1	0	0	2	2	0	0	1	0	0	0	0	0	0	1	2	2	1	1	0	0	1	1	1	0	2	0	0	1	0	2	0	7	3	4	27	53	15	31	3	9	6	6	41	111	49	27	1	0	0	2	0	1	0	3	1	0	2	0	0	1	1	0	1	0	0	1	1	1	2	5	0	1	1	5	1	1	1	1	0	0	1	1	0	1	1	4	0	0	2	0	0	0	0	0
1	4	2	1	7	2	0	3	1	0	0	0	3	2	0	6	1	2	3	2	0	1	5	0	0	2	1	0	1	2	0	0	3	33	1	11	137	205	55	156	2	33	10	38	200	537	229	133	1	2	3	5	1	1	3	4	0	1	3	2	3	4	4	10	2	0	1	6	2	4	2	10	2	0	2	12	6	1	2	4	3	0	4	1	0	1	1	1	0	0	7	0	1	1	2	3
1	1	0	0	2	1	0	1	0	0	0	0	0	2	1	1	1	1	0	0	0	0	0	0	0	0	0	0	0	0	0	0	0	2	0	0	7	16	6	6	1	5	0	6	14	31	14	9	0	0	0	0	0	0	0	1	0	0	1	0	0	0	0	0	0	0	0	1	1	0	0	0	0	0	0	0	0	1	0	2	0	0	0	0	0	0	0	2	0	0	0	0	0	0	0	0
2	1	0	0	2	2	2	2	1	0	0	0	2	1	0	0	0	1	2	0	0	3	1	0	1	1	0	0	1	2	0	1	0	31	7	5	47	90	27	59	2	23	5	17	81	171	104	59	1	2	1	3	0	1	3	1	0	1	1	1	0	1	0	3	1	1	3	1	1	1	0	3	2	0	0	7	2	2	2	0	1	1	3	0	2	1	1	1	0	0	3	1	1	1	2	0
0	1	0	1	3	1	1	4	0	0	0	0	1	0	0	0	0	0	1	0	0	0	0	0	0	0	0	0	1	1	0	1	0	10	1	5	31	37	16	30	0	10	2	8	36	89	37	29	1	0	0	1	1	0	4	0	0	0	2	0	0	0	0	0	2	0	0	1	0	0	2	0	1	0	0	1	1	0	2	0	0	0	1	0	0	0	1	1	1	0	1	0	0	1	0	0
0	0	0	0	1	1	2	2	0	0	0	1	0	0	1	1	0	1	1	0	0	0	1	1	1	0	1	0	0	2	0	0	3	8	2	3	21	36	15	26	0	10	3	7	45	103	43	41	1	1	0	0	0	0	1	1	0	0	0	0	0	0	2	2	0	1	1	0	0	0	2	1	0	1	0	5	3	5	4	3	0	0	0	0	1	0	0	2	0	0	0	1	0	0	0	0
0	0	0	0	3	1	0	1	2	0	0	0	2	0	3	2	1	2	0	0	1	0	1	1	0	1	0	0	2	2	0	1	0	12	1	2	28	45	14	28	1	8	3	11	47	91	41	27	0	0	0	2	1	0	0	1	0	0	1	1	2	1	0	1	1	0	2	2	1	0	0	3	1	1	1	2	1	0	0	2	0	1	0	0	0	2	1	2	0	0	1	0	0	0	0	3
3	2	0	0	5	0	2	3	1	0	0	1	1	6	0	1	1	2	2	2	1	1	3	1	1	3	1	1	1	4	1	6	3	19	4	8	50	55	23	54	2	14	4	7	71	228	90	47	1	0	1	2	2	0	3	2	0	1	1	0	0	1	1	2	3	1	4	3	4	4	2	5	2	1	2	17	4	6	4	1	1	0	2	0	0	0	2	2	0	0	3	2	3	1	0	2
0	0	0	0	5	1	0	0	0	0	0	0	0	0	0	1	0	0	0	1	0	1	0	1	0	0	0	0	1	1	0	1	1	1	2	3	32	41	8	18	0	4	1	7	35	81	52	31	0	0	1	1	1	0	0	0	0	1	1	0	0	0	0	0	0	0	1	1	2	1	1	2	1	0	1	2	0	1	0	2	0	1	0	0	0	0	0	0	0	0	0	0	0	0	0	1
1	0	1	0	0	0	0	1	0	1	0	1	0	0	0	0	2	0	0	3	0	0	0	1	0	3	0	2	1	1	0	4	1	1	4	0	0	1	1	2	0	0	3	0	1	2	2	1	0	0	0	0	1	2	0	3	0	0	0	0	0	0	0	0	1	0	1	1	0	1	1	2	1	2	0	2	1	0	0	0	0	0	1	0	0	1	1	4	0	0	0	2	0	1	0	1
1	0	0	0	2	1	0	1	0	0	0	0	3	0	1	0	0	0	0	1	0	1	1	2	0	1	0	0	0	0	0	1	5	1	2	3	8	16	12	15	1	10	3	6	15	29	19	15	0	0	0	2	0	0	0	1	0	0	1	0	2	0	1	0	2	0	0	0	0	0	0	1	0	0	2	0	0	0	2	0	0	0	2	0	0	0	1	0	0	0	2	0	0	0	0	0
1	1	1	0	6	1	0	1	1	0	0	1	0	2	0	3	2	1	1	1	1	0	1	2	0	1	0	0	3	1	0	4	1	6	8	6	15	41	15	25	0	7	5	2	24	63	24	27	0	0	1	1	0	1	1	1	0	0	2	1	0	2	1	2	0	0	0	1	1	0	3	1	1	2	0	0	3	1	0	0	0	0	1	0	0	0	1	0	1	0	1	2	0	1	0	0
0	0	0	0	7	0	4	2	0	0	0	0	0	0	0	0	0	1	0	0	0	0	0	0	0	0	0	0	0	0	1	0	1	2	3	0	11	17	3	8	0	0	0	1	8	42	16	7	0	0	0	1	1	1	0	0	0	1	1	0	0	0	0	1	1	0	1	0	0	0	1	3	0	0	0	3	0	0	0	0	0	0	0	0	0	1	1	0	0	0	0	0	0	0	0	0
0	0	0	0	1	1	0	0	2	0	0	0	4	2	2	5	0	1	0	2	1	2	1	0	0	0	0	1	1	0	0	3	1	25	3	10	79	129	32	87	3	17	3	14	125	309	137	80	1	1	0	6	0	4	3	13	3	4	1	2	8	5	4	23	2	0	0	6	0	1	4	9	0	2	0	18	3	4	7	8	1	0	2	0	0	0	4	5	1	0	1	1	0	3	1	5
0	2	0	0	4	1	0	1	0	0	0	0	1	0	0	0	0	2	0	1	0	1	0	0	0	0	0	0	1	0	2	1	0	17	0	6	35	63	13	69	1	15	0	12	97	214	78	61	0	0	2	0	0	1	1	0	2	0	0	0	1	2	0	4	0	0	1	2	0	0	1	3	0	0	1	9	4	1	1	0	0	0	1	0	1	2	1	1	0	0	3	0	0	0	1	2
0	0	1	0	1	1	0	1	0	2	0	0	1	1	0	0	0	0	0	0	0	0	0	0	0	1	0	0	0	0	1	1	0	5	2	2	25	30	6	20	0	5	3	3	40	82	38	21	0	0	0	0	0	0	0	0	1	0	1	0	0	0	2	0	0	0	0	1	0	0	0	0	0	0	0	6	0	0	1	0	2	0	1	0	0	0	0	1	0	0	1	0	0	0	0	1
1	0	0	1	0	0	0	0	0	0	0	0	1	3	0	0	1	0	0	1	0	0	0	0	0	0	0	0	3	0	2	5	1	0	1	0	2	0	2	1	0	2	0	4	1	2	0	2	0	1	0	0	1	0	0	0	0	0	0	0	0	0	0	0	0	0	0	1	0	0	0	0	0	1	0	0	0	1	0	0	0	0	0	0	0	0	0	1	0	0	0	0	0	0	0	0
0	0	0	0	1	0	0	1	0	0	0	0	0	0	0	0	3	0	0	1	1	0	1	0	1	0	0	0	0	0	0	0	0	2	4	0	2	3	1	0	0	0	0	0	2	5	2	2	0	1	0	0	0	1	0	0	0	1	1	0	0	0	0	0	3	0	0	0	0	0	0	0	0	0	0	2	0	0	0	1	0	0	0	0	0	0	0	0	0	0	1	1	0	0	0	0
0	0	0	0	2	2	0	0	0	0	0	2	1	0	0	1	0	0	0	1	1	0	0	1	0	1	0	0	1	0	0	3	0	2	4	0	1	2	3	1	0	0	1	0	0	1	2	2	0	0	0	0	0	1	1	0	0	0	0	0	0	0	0	0	0	0	0	0	1	0	0	0	0	0	0	2	0	0	0	0	0	0	0	0	0	0	0	0	0	0	0	0	0	0	1	0
0	0	0	1	0	2	1	1	0	1	0	0	4	3	1	2	0	0	1	1	2	0	1	1	0	1	0	0	0	3	2	1	4	18	3	12	88	106	36	73	0	27	2	17	155	326	156	92	4	0	1	4	0	1	2	1	1	1	1	5	2	2	1	5	2	0	4	5	3	3	1	3	6	1	1	19	5	1	4	1	2	0	2	0	0	1	3	1	2	1	3	1	0	1	2	1
0	0	0	0	2	0	0	1	1	0	0	0	1	0	0	0	0	1	0	0	0	0	0	0	0	0	0	0	1	0	0	2	1	1	5	1	2	6	1	2	1	4	1	1	7	12	6	5	0	0	0	0	0	1	1	0	0	0	1	0	1	0	0	0	0	0	1	0	1	1	0	1	0	0	1	2	0	0	0	0	0	0	0	0	0	0	0	0	1	0	0	0	0	0	0	0
1	1	1	0	2	0	1	3	0	1	0	2	5	2	0	1	0	2	0	1	0	1	2	0	0	0	2	1	1	3	1	3	2	23	5	12	68	104	33	88	1	22	2	12	104	293	125	104	2	0	0	5	0	3	1	2	0	0	1	3	3	3	1	5	2	1	0	3	0	1	0	10	1	1	2	9	2	3	1	9	1	1	0	0	0	1	2	1	1	1	3	0	1	3	0	3
0	0	1	0	6	2	2	1	1	0	0	0	1	2	1	2	3	0	0	0	0	0	2	1	2	0	0	0	0	2	0	3	2	13	2	5	37	50	20	45	1	13	1	11	73	176	53	46	2	1	0	2	1	1	0	1	1	0	2	1	3	2	2	4	1	1	0	2	1	0	0	4	1	0	1	4	0	3	0	0	1	0	2	1	0	2	5	2	0	0	6	0	1	2	0	1
0	1	0	0	1	0	2	2	0	0	0	0	1	0	0	0	0	0	1	0	0	2	1	0	0	0	0	0	1	0	0	1	4	24	1	3	50	64	16	49	0	21	2	9	83	183	87	57	1	0	0	2	1	2	1	2	1	0	1	1	1	1	1	1	3	1	1	2	0	3	1	5	0	0	0	8	1	2	1	2	1	1	0	0	0	0	2	1	0	1	0	1	0	1	0	2
2	1	0	0	3	1	0	0	0	0	0	0	1	3	0	1	0	1	0	0	0	0	0	1	0	0	0	0	0	0	0	0	0	9	3	2	27	36	10	18	2	11	1	9	28	75	48	25	2	0	0	0	1	2	2	1	0	0	1	1	0	0	0	0	1	1	0	2	0	1	0	3	0	3	1	7	4	1	3	1	0	0	1	0	0	0	0	0	0	0	2	2	1	2	0	1
2	0	0	0	2	0	1	2	0	0	0	0	1	0	0	0	0	0	0	0	0	0	0	0	0	0	0	0	0	0	0	2	2	1	0	1	13	15	3	11	1	5	1	1	12	27	9	10	1	0	0	1	0	0	0	0	1	0	1	0	0	0	0	2	0	0	0	0	0	0	1	0	0	0	0	1	0	1	0	1	0	0	0	0	0	0	0	0	0	0	0	1	0	0	0	0
4	2	2	0	2	1	3	4	1	1	1	2	5	4	2	6	0	1	2	0	0	1	2	1	1	2	1	0	1	4	2	2	2	48	6	17	109	176	60	131	1	47	1	25	145	355	203	137	4	1	0	2	1	0	1	1	0	3	2	0	6	3	0	6	3	1	3	2	1	2	3	6	2	0	1	27	3	1	6	5	0	1	1	0	0	1	2	2	0	1	3	1	2	4	1	7
0	0	0	0	0	0	0	0	0	0	0	0	0	0	0	0	0	0	0	0	0	0	0	0	0	0	0	0	0	0	0	0	0	1	1	0	1	1	1	5	0	0	0	0	3	5	1	2	0	0	0	0	0	0	0	0	0	0	0	0	0	0	0	0	1	0	0	0	0	0	0	1	0	0	1	0	0	0	0	0	0	0	0	0	0	0	0	0	0	0	0	0	0	0	0	0
2	1	0	0	1	0	2	0	0	0	0	1	2	2	0	1	0	0	2	0	0	1	0	0	0	0	1	0	0	3	0	2	1	9	3	3	44	57	15	44	2	18	2	12	45	145	61	53	0	1	1	2	1	1	1	0	0	1	3	0	0	0	1	2	1	1	2	1	0	0	2	3	1	0	0	5	0	1	1	0	0	0	1	0	0	1	2	0	0	1	5	1	1	0	2	2
0	0	0	0	0	0	0	3	1	1	0	0	1	1	0	1	0	1	0	0	0	0	0	0	0	0	0	0	2	0	0	1	0	0	0	0	1	1	0	1	0	1	6	0	0	1	0	0	0	0	0	0	0	0	0	0	0	0	0	0	0	0	0	0	0	0	0	0	0	0	1	3	1	1	0	0	0	0	0	0	0	0	1	0	0	0	1	1	0	0	1	0	0	1	0	0
0	0	0	2	0	0	0	0	0	1	0	0	3	0	0	1	0	0	0	2	1	1	0	0	0	2	0	0	0	2	0	0	1	7	1	2	7	11	5	6	0	2	0	1	6	21	7	16	0	0	0	0	0	1	0	0	0	0	1	0	0	1	1	0	0	1	0	0	1	0	1	0	0	0	1	2	0	1	0	0	0	0	2	0	0	0	0	0	0	0	0	0	0	0	0	0
1	0	0	0	2	0	1	0	1	1	0	0	3	6	2	2	1	0	1	0	1	0	2	0	1	1	1	1	0	0	3	1	2	13	2	4	73	74	29	76	0	23	3	18	114	258	114	60	0	1	3	4	1	0	1	3	0	0	1	0	1	0	1	3	1	1	6	2	1	3	3	2	1	0	0	4	0	1	6	2	0	0	3	0	0	0	1	2	0	0	2	0	0	3	4	2
1	1	0	1	6	2	4	4	0	1	0	1	3	6	2	1	1	2	1	2	2	0	2	2	1	0	0	1	1	2	1	1	1	41	3	8	112	161	51	123	1	43	2	24	157	406	174	128	0	1	2	6	2	4	1	5	1	0	0	1	2	4	0	8	2	1	2	1	0	1	2	7	1	0	0	17	2	1	6	5	1	0	1	0	0	1	1	7	0	1	2	1	0	1	2	0
1	0	0	1	1	1	2	1	0	1	0	1	2	4	2	2	0	0	0	1	1	2	1	2	0	0	1	0	1	3	0	0	2	13	2	6	26	54	25	23	1	12	2	7	34	115	54	38	2	3	0	5	0	2	4	5	0	0	0	1	3	2	4	4	2	2	6	2	6	3	2	5	3	1	0	8	1	3	5	0	0	3	3	2	0	0	1	1	0	1	4	6	2	2	0	1
1	0	0	0	8	2	2	1	1	1	0	1	1	3	0	0	0	1	0	1	0	1	0	0	0	0	1	1	0	2	0	1	1	15	2	5	42	67	20	40	0	17	3	9	70	197	66	43	0	1	0	2	0	1	0	0	0	0	2	0	1	1	0	2	0	0	2	2	0	0	0	2	0	1	0	3	1	3	1	2	0	0	1	0	1	0	1	0	1	0	1	0	0	0	0	1
1	2	1	1	2	2	1	2	0	0	1	0	4	3	3	8	0	2	0	0	2	0	2	1	1	1	1	3	1	1	0	2	7	53	4	14	143	186	55	147	1	50	5	52	256	606	250	146	1	5	3	4	0	3	3	2	0	1	0	5	3	2	2	12	1	0	6	3	5	2	2	7	2	1	1	10	5	3	5	7	0	0	1	0	0	2	2	0	1	0	3	1	0	0	3	5
2	1	0	2	1	0	1	0	1	2	0	0	2	4	0	2	0	1	1	0	0	1	1	1	0	0	2	1	0	1	0	1	3	7	0	3	22	26	11	28	4	5	3	6	35	81	31	21	1	1	0	2	0	0	0	1	0	1	1	0	1	0	0	0	0	1	1	1	0	1	1	0	1	0	1	5	1	2	2	2	0	0	0	0	0	2	0	0	0	0	0	0	0	0	0	1
0	1	1	0	2	0	1	0	0	0	0	0	0	1	0	0	2	0	0	0	1	1	0	0	0	1	1	0	0	0	0	0	1	15	1	4	42	60	18	56	0	12	1	8	61	142	47	42	0	0	1	1	0	1	0	0	1	0	3	0	0	0	0	2	1	0	0	0	1	1	2	0	0	0	0	2	3	2	3	0	0	0	0	1	0	0	0	0	0	0	0	0	0	0	2	0
1	0	0	0	1	0	0	1	0	0	1	0	1	0	0	1	0	1	0	0	0	0	0	0	1	0	0	0	0	0	0	0	0	1	4	0	0	1	1	0	2	3	3	0	1	0	2	0	0	1	0	0	0	0	0	0	0	0	1	0	0	0	0	0	0	0	0	1	0	0	2	1	0	0	1	0	0	0	0	1	0	0	0	0	0	0	0	0	0	0	0	0	0	0	0	0
2	2	0	2	5	2	0	2	1	0	0	0	2	4	5	7	1	0	0	0	0	0	4	3	1	3	1	0	1	2	1	4	2	27	3	6	61	92	28	90	2	30	9	11	95	182	82	81	0	0	2	5	1	5	1	1	1	2	1	1	0	4	0	3	1	2	1	3	1	1	1	7	0	1	0	2	3	2	4	5	0	0	0	1	0	0	1	3	0	1	0	0	0	0	1	3
1	0	1	0	4	1	0	6	0	0	0	2	1	7	0	6	1	1	1	1	0	2	0	1	0	0	1	1	3	3	0	2	1	33	0	6	82	161	39	83	0	36	2	16	137	315	157	125	2	1	1	2	2	3	0	2	2	1	2	0	3	0	2	11	0	0	0	0	2	1	0	4	2	2	0	6	1	3	2	6	2	0	1	0	1	0	1	3	0	0	2	1	0	1	0	4
3	2	0	0	3	1	1	4	2	0	2	1	4	3	1	2	1	1	0	1	0	3	1	0	1	4	1	0	0	1	0	0	0	44	4	4	53	126	24	97	0	38	5	12	121	306	119	82	1	0	3	3	1	2	2	1	0	0	1	1	0	3	1	2	4	1	1	3	0	1	2	4	1	0	2	14	2	0	2	2	0	0	1	2	1	0	2	1	0	1	1	1	1	2	1	2
1	3	0	0	4	2	0	0	0	0	0	0	1	1	0	0	0	1	0	1	2	0	0	2	0	0	0	0	0	2	0	0	1	3	5	2	8	9	4	4	1	3	1	3	9	11	12	5	0	0	1	0	0	2	0	0	1	0	2	0	1	0	0	0	1	0	0	1	0	1	0	0	4	1	1	1	1	3	0	0	1	1	0	1	0	0	0	1	0	1	0	0	0	0	0	1
1	0	0	0	0	0	0	0	0	0	0	1	0	1	0	0	0	0	0	0	0	0	0	0	0	0	0	0	0	0	0	1	2	0	0	0	0	0	0	0	0	0	0	0	0	0	0	0	0	0	0	0	0	0	0	0	0	0	0	0	0	0	0	0	0	0	1	0	0	0	0	0	0	0	0	0	0	0	0	0	0	0	0	0	0	0	0	0	0	0	1	0	0	0	0	0
4	5	1	1	16	5	5	8	2	3	0	5	7	16	2	10	3	4	2	3	6	2	3	6	2	2	1	3	1	8	2	3	2	175	6	41	449	614	221	482	4	169	2	145	1031	1991	891	501	9	4	10	17	1	8	7	18	7	4	1	4	1	6	4	39	3	3	7	12	5	6	7	26	3	3	6	33	17	7	7	15	5	2	3	1	2	4	5	18	4	3	7	5	2	4	4	9
0	0	0	0	0	0	0	0	1	0	2	1	0	1	1	1	0	0	0	0	0	0	2	0	1	1	0	0	1	1	1	0	0	9	2	4	22	19	7	22	1	6	3	1	23	76	30	13	0	0	2	1	0	0	0	0	0	0	2	0	0	2	1	0	1	0	1	0	1	0	0	0	3	0	0	3	1	1	0	1	1	0	0	2	0	0	0	0	0	0	0	0	0	0	0	0
1	2	0	2	3	3	1	0	1	1	0	0	3	6	0	1	0	0	0	0	1	0	0	0	0	1	1	1	1	3	2	1	4	17	1	5	50	68	17	51	3	13	5	5	78	190	69	60	2	3	1	3	0	3	2	1	0	0	0	3	4	0	1	9	1	1	0	1	2	1	2	4	0	1	2	12	4	3	7	6	0	0	0	0	0	0	0	1	1	0	0	1	0	0	1	1
5	3	1	1	7	2	1	5	0	0	0	0	3	18	1	3	0	1	3	3	1	2	2	0	1	0	2	0	1	4	1	2	4	57	3	22	189	254	54	170	5	52	9	37	283	680	295	196	7	4	3	9	1	1	1	0	3	0	3	4	7	4	1	10	3	1	1	3	4	1	4	10	1	0	1	27	7	4	10	3	1	0	2	4	0	2	1	0	0	0	4	1	1	1	1	2
4	4	4	10	27	18	7	72	2	8	2	13	4	11	4	11	4	1	3	1	3	3	9	1	1	2	1	4	4	9	2	1	15	88	133	32	283	356	180	320	25	122	155	70	476	1204	429	303	9	4	13	16	3	6	5	8	2	9	8	5	4	17	7	26	17	12	30	14	23	15	50	30	33	25	41	65	34	14	18	22	2	3	10	7	4	9	9	13	3	3	10	5	3	9	4	10
1	0	0	1	0	1	1	0	0	0	0	0	2	1	0	1	0	0	0	0	0	0	1	0	0	0	0	0	0	1	0	0	2	6	4	3	19	39	12	26	0	10	2	4	29	84	41	28	0	1	0	0	0	0	1	0	0	0	1	0	0	0	1	0	0	0	0	1	0	0	0	2	0	0	0	1	2	1	0	1	1	1	1	0	0	0	0	0	0	0	0	1	0	0	0	0
0	2	0	1	2	0	1	2	0	1	0	1	2	4	1	1	3	2	1	1	0	0	0	0	0	0	0	0	0	1	0	1	5	23	4	7	47	78	19	59	0	15	3	11	79	197	85	49	0	4	1	3	0	0	0	1	0	0	0	1	1	0	3	1	1	0	3	2	2	0	2	4	1	2	2	15	3	1	1	1	0	0	1	2	0	1	0	0	0	0	1	0	0	1	1	0
2	0	0	0	1	1	0	2	2	0	0	2	4	5	1	6	0	2	0	0	2	1	2	1	0	1	1	0	1	5	2	3	3	22	2	6	41	61	20	41	3	20	6	12	70	179	88	40	0	2	4	1	1	0	2	0	3	2	4	0	1	1	2	3	3	0	2	3	1	2	1	4	1	1	3	11	4	3	3	5	1	1	0	1	0	1	3	3	0	0	3	0	2	0	0	3
3	1	2	0	3	4	2	4	0	2	0	0	2	12	1	1	1	1	1	0	0	0	3	1	0	2	0	0	0	3	2	0	0	37	4	10	115	162	29	116	1	44	1	31	287	523	259	159	1	0	1	4	1	1	3	1	1	1	2	3	2	2	4	5	1	1	3	3	2	2	2	11	2	1	0	17	11	6	2	6	1	2	3	0	1	1	2	3	0	2	4	1	2	0	1	4
3	1	0	0	3	1	0	1	0	1	0	0	1	4	0	1	3	2	1	0	3	1	0	0	0	0	0	0	1	1	0	2	2	20	0	5	17	49	16	41	0	14	3	10	33	114	48	26	1	1	0	1	0	1	0	3	0	0	3	1	4	2	1	4	0	0	3	0	1	2	3	3	1	0	1	7	2	1	3	1	0	1	2	0	2	0	0	2	1	1	2	1	1	2	1	1
1	3	0	0	2	0	4	2	1	0	0	0	0	0	1	0	0	0	0	0	0	0	0	1	1	0	0	0	0	0	0	0	1	5	6	2	17	30	7	22	1	0	6	6	23	58	22	20	2	0	1	2	0	0	1	2	0	0	1	1	2	1	1	0	0	0	0	3	0	0	0	0	0	0	0	1	1	0	0	0	0	0	1	1	0	0	1	2	0	0	2	0	0	1	2	0
