80	31	7	52	197	46	23	129	41	15	5	16	85	99	8	118	35	26	16	44	22	24	13	31	10	19	6	17	70	57	16	115	96	1325	80	515	4468	5350	507	4557	64	820	65	948	12592	20371	4727	7398	201	57	70	457	47	59	40	108	46	26	41	58	137	78	53	452	125	34	83	154	116	47	58	382	51	25	49	538	403	153	148	308	57	54	49	57	19	23	39	71	23	20	77	110	57	57	49	151
202	104	23	129	451	121	54	258	82	41	13	44	260	331	19	281	70	48	27	90	57	63	51	68	30	37	31	40	64	99	33	190	228	4066	158	1922	11713	14441	1487	13074	165	2657	158	3026	37218	68398	12786	23126	736	191	251	1619	135	142	96	304	124	70	99	215	387	239	128	1606	380	124	238	544	261	129	136	1029	144	72	119	1936	1020	356	342	683	181	128	248	169	66	64	137	165	58	57	399	355	173	145	162	414
93	48	10	50	173	52	23	87	18	28	5	18	139	180	12	141	64	31	32	58	34	38	40	48	18	26	21	43	49	56	25	102	134	2038	83	752	6076	7729	799	5763	100	1308	97	1168	17469	35454	6108	9752	286	89	117	846	65	61	45	99	60	24	64	81	240	96	61	517	228	86	165	368	158	109	79	517	93	62	79	1357	678	210	265	350	81	78	163	99	40	45	83	108	28	30	256	208	118	75	89	228
200	101	27	110	304	104	27	166	80	56	14	73	247	218	17	250	86	38	24	99	45	40	38	70	31	38	16	52	160	132	24	286	249	1529	167	810	4847	5663	588	5026	137	909	104	1138	13911	24460	5033	8707	361	132	203	992	118	107	118	193	97	43	116	132	297	115	105	721	331	105	162	422	185	110	108	616	143	86	97	1058	614	212	223	389	156	65	244	180	59	57	146	317	45	25	308	267	139	75	130	389
34	20	4	13	79	17	9	46	18	17	1	17	28	24	1	34	17	11	3	19	13	6	3	10	11	7	1	5	13	14	2	32	37	21	70	49	63	55	65	69	38	28	51	33	135	174	80	125	31	22	20	25	7	9	22	25	9	7	10	8	22	13	11	36	59	15	29	41	14	16	20	43	39	16	17	167	38	24	8	39	13	8	42	16	8	12	29	16	6	1	40	19	18	6	27	19
116	72	8	63	446	95	62	263	57	54	9	35	125	115	16	148	64	44	12	68	39	33	21	47	32	40	6	34	89	77	13	160	174	1130	194	468	3008	3737	468	3185	113	746	164	697	10371	17620	3425	5601	207	86	89	448	44	62	50	86	44	36	55	53	125	67	53	306	164	60	100	192	95	84	68	294	90	60	56	366	258	136	114	197	61	43	93	84	28	30	52	123	18	16	129	109	56	49	51	164
207	89	15	136	310	141	34	275	92	39	10	37	238	290	19	266	103	45	31	133	66	72	43	88	33	54	20	88	96	131	22	294	196	2895	164	1360	9451	12335	1129	10550	111	1870	149	2101	27148	44552	9540	17029	588	168	233	1378	138	154	115	348	97	65	96	194	432	295	138	1916	327	115	233	445	281	196	124	996	112	76	103	1267	1020	415	352	946	212	143	520	250	81	119	456	418	77	70	684	464	319	287	428	983
117	82	7	59	144	81	24	105	64	45	6	56	135	101	8	170	103	62	7	67	41	25	10	47	36	46	5	45	166	79	10	267	88	62	144	67	130	108	103	118	84	90	125	82	372	268	93	263	75	49	47	73	30	26	30	38	22	27	26	33	72	31	24	67	101	39	55	102	47	59	40	65	65	66	59	107	83	115	40	101	38	21	62	27	23	18	36	36	10	9	42	24	29	20	39	91
104	63	7	55	118	57	22	94	53	33	9	67	123	63	15	179	72	40	15	71	40	38	10	66	26	31	4	46	120	65	17	242	184	87	230	140	159	164	184	150	119	94	204	105	332	289	131	344	43	39	33	82	24	35	36	46	13	22	15	22	175	24	24	94	109	50	69	103	53	61	61	83	71	51	50	115	84	90	56	105	40	18	71	35	40	15	73	51	21	9	65	32	35	22	76	101
200	115	19	139	299	112	31	199	70	40	11	57	339	367	28	330	87	49	26	102	55	73	62	76	23	34	18	51	77	104	34	172	263	2498	144	1205	7177	8987	1187	7315	160	1513	112	1737	23585	44654	8288	14213	556	159	217	1761	109	119	97	349	125	59	109	294	555	285	166	2361	287	119	208	523	268	138	175	1065	127	64	112	1988	1156	362	392	924	194	92	192	228	59	54	112	155	41	41	196	329	194	139	157	526
166	87	18	113	440	129	52	311	89	40	9	39	325	332	22	267	97	70	49	169	91	89	83	108	27	53	30	75	100	144	36	309	212	2304	120	1067	6277	7656	924	6720	142	1457	113	1309	13081	25774	5741	10482	658	187	310	1638	147	184	117	384	118	70	119	255	587	325	240	2541	459	170	316	768	296	154	146	958	173	83	150	2221	1226	422	434	1136	253	163	401	310	100	130	273	311	75	59	477	455	384	238	333	1077
51	40	5	37	76	40	16	61	39	31	6	16	60	50	5	68	47	27	6	33	26	19	6	35	25	31	6	18	74	53	6	131	89	51	161	69	65	96	90	76	46	46	126	42	142	102	60	104	34	28	32	45	18	24	26	26	7	15	20	26	35	24	14	29	54	28	35	65	30	39	33	32	40	38	24	44	40	46	20	52	18	6	22	18	9	17	16	40	8	6	16	13	22	14	11	47
133	93	13	109	458	137	49	266	102	44	7	44	157	206	17	268	60	46	19	82	41	47	28	67	21	31	11	33	52	72	27	160	150	1817	191	905	4688	5690	784	5394	93	1280	154	1405	14065	22311	5293	10083	312	103	129	765	55	135	51	192	63	64	50	97	189	160	72	868	176	59	125	213	134	86	56	510	51	34	51	483	511	166	192	378	94	60	93	78	29	66	64	106	22	26	135	202	104	100	107	242
331	194	36	239	444	229	79	380	122	63	19	70	409	472	46	504	129	71	52	136	80	85	76	132	50	62	36	84	104	174	34	309	362	5619	246	2450	17880	20849	2494	18829	214	3413	186	4212	56225	91941	20290	32258	872	252	326	2475	188	284	146	452	139	99	142	302	546	390	206	2283	494	140	330	669	416	194	209	1653	157	96	197	2678	1331	457	491	975	264	134	253	235	61	96	155	217	69	55	270	499	205	152	182	534
174	102	13	99	447	131	61	264	94	43	7	57	193	212	13	201	82	54	31	108	59	52	37	65	29	45	17	56	81	81	23	186	160	2611	163	1086	6729	8178	783	6894	122	1932	161	1903	25681	43829	8097	13303	432	166	167	1017	89	108	76	157	93	59	89	146	238	149	58	835	289	111	211	454	185	130	116	745	103	100	113	1816	853	279	299	431	190	158	425	130	62	72	148	112	55	59	737	308	158	116	128	266
633	201	52	269	556	254	88	429	246	82	23	104	636	631	57	523	178	123	93	229	124	129	133	212	75	75	47	131	183	282	64	454	541	6687	259	2701	25303	36107	3592	26111	351	4451	204	3504	50400	103812	20555	35783	1217	341	524	3004	323	260	360	632	266	113	291	346	925	510	427	3620	819	266	533	1104	574	351	352	2057	295	157	339	4788	2394	831	1066	2130	352	216	703	451	129	159	702	461	109	82	1027	669	471	361	635	1297
195	88	18	83	678	173	92	440	96	36	8	58	263	283	26	342	58	35	27	54	57	68	46	122	21	39	24	43	82	147	27	179	161	2019	99	930	5771	7879	867	6909	102	1399	102	1113	11625	23139	5012	9688	315	86	122	758	107	87	73	180	69	41	60	102	360	248	168	1197	217	83	154	326	164	110	95	527	97	53	79	1345	817	343	421	904	110	71	131	113	50	88	105	186	38	26	161	195	142	185	146	474
112	66	9	75	812	176	91	399	87	43	3	75	150	156	19	203	79	43	16	71	28	21	16	37	18	27	8	17	50	60	8	109	177	923	162	479	2627	3059	411	3001	120	583	136	718	7729	11366	3050	5130	189	68	104	454	46	54	41	92	42	24	29	61	109	66	44	321	148	42	97	145	133	86	52	320	79	37	50	253	291	155	117	199	69	32	59	71	26	25	28	54	17	11	54	93	52	44	53	116
223	155	20	170	373	163	51	227	81	58	11	54	316	417	19	308	117	84	40	150	63	92	85	102	35	83	17	86	108	159	28	339	266	3971	237	1853	12178	13629	1593	12161	186	2610	189	3270	49226	81458	14266	23368	860	254	273	2053	150	174	110	387	160	103	140	258	512	283	170	2161	436	176	279	676	354	186	173	1184	195	129	149	2135	1425	529	444	1002	294	133	248	265	61	92	121	212	64	67	340	386	278	170	183	545
155	87	17	120	275	150	47	255	153	88	21	143	208	129	28	322	272	172	25	264	99	85	17	124	106	121	26	108	296	154	13	483	210	125	180	143	245	295	119	239	141	140	162	149	532	563	175	427	145	64	83	154	70	69	72	98	48	33	61	52	238	53	59	133	340	148	171	252	145	139	96	173	262	185	137	222	235	213	89	252	134	34	76	95	46	41	92	173	35	31	82	87	169	47	58	167
51	26	6	32	151	49	17	84	35	16	8	23	58	53	7	84	38	21	4	23	21	20	4	31	21	13	3	33	97	51	1	154	60	33	128	48	66	41	75	61	44	40	118	37	149	98	68	135	27	19	19	28	15	22	25	33	8	9	22	13	25	13	10	43	68	24	33	45	18	30	20	34	28	19	28	55	30	41	18	32	4	6	13	17	8	12	17	18	2	3	24	6	12	9	18	15
77	48	7	46	247	56	38	171	52	30	7	30	69	47	3	135	67	38	12	34	27	21	9	27	15	16	3	21	68	48	4	85	84	58	148	70	91	98	104	95	42	46	169	54	121	102	94	131	36	34	26	71	16	18	25	40	15	11	18	23	74	24	18	59	83	35	49	77	48	37	42	46	46	27	37	75	53	54	27	73	18	7	43	25	13	13	45	35	12	13	36	37	18	9	23	60
56	38	10	36	151	56	26	80	45	22	2	43	122	138	14	118	50	39	14	51	24	32	31	37	21	31	6	17	42	61	10	96	118	1175	119	578	3152	3624	467	3162	68	764	100	864	9681	15510	3634	6131	120	51	63	356	41	39	25	63	30	30	26	47	148	80	32	270	117	48	70	196	90	59	44	256	46	35	43	521	343	113	119	168	39	37	66	47	15	25	34	40	19	17	97	109	53	42	45	128
312	119	18	133	487	102	42	250	169	73	13	85	215	134	20	267	152	69	22	92	68	67	14	66	61	51	15	48	110	77	16	177	157	393	222	260	1279	1695	283	1603	135	319	168	336	2542	3772	1164	2204	124	59	79	203	55	56	74	72	37	18	44	58	133	50	56	127	140	54	116	176	98	101	106	167	98	60	132	545	199	108	189	160	59	25	304	52	36	23	143	51	25	18	351	56	54	35	87	99
254	122	23	224	502	246	77	843	119	61	6	60	480	628	22	789	70	63	41	153	92	105	74	250	33	100	31	119	172	213	37	599	243	6577	123	2833	19234	23394	2290	23160	166	4081	101	4315	54526	84168	18467	37222	1185	311	385	3345	213	347	125	897	188	109	127	444	730	660	277	5138	425	165	285	685	390	201	175	2088	105	72	96	1553	1376	583	455	1755	383	289	399	323	102	254	350	689	105	128	551	884	479	456	383	1510
48	39	2	18	117	31	8	49	34	12	5	22	49	56	7	74	13	15	1	19	16	6	4	20	8	9	4	17	78	52	0	130	53	121	115	52	271	345	95	266	47	103	71	83	650	1360	358	519	26	24	31	43	17	16	17	21	10	8	16	21	29	9	12	38	44	16	21	52	17	22	18	45	33	16	27	269	49	19	24	40	12	6	124	11	9	7	52	16	8	6	141	8	7	8	22	19
146	61	17	103	1105	221	156	522	69	38	6	56	168	195	17	237	80	56	24	106	56	52	22	101	24	57	14	43	136	138	13	270	142	1494	136	644	3852	4948	684	4380	92	1035	111	978	10781	19282	4270	7203	284	90	104	595	77	84	72	263	57	39	55	120	206	164	64	844	151	71	115	252	139	135	98	610	69	51	70	522	411	198	190	390	87	53	105	164	43	117	92	793	31	47	159	331	125	117	103	456
63	41	6	38	868	119	117	347	80	14	9	56	107	63	18	146	41	38	6	50	19	20	7	37	23	19	9	24	82	56	7	124	71	29	149	49	76	83	79	64	59	45	110	41	137	98	80	116	27	31	33	41	6	19	25	19	10	7	13	16	40	21	14	28	68	37	32	55	21	35	32	35	38	27	30	52	43	31	30	41	14	7	36	26	10	10	21	21	8	2	36	16	25	12	16	38
111	91	12	69	315	77	45	177	61	54	7	54	105	72	11	148	130	78	22	84	49	48	7	57	53	43	6	49	141	93	9	227	110	62	179	74	157	231	152	198	99	87	134	95	325	327	173	310	61	47	38	67	40	47	42	62	31	22	24	49	118	39	25	83	82	40	55	88	45	55	55	64	55	33	45	99	83	68	44	104	37	10	62	35	19	20	60	60	19	7	69	19	29	12	51	73
50	23	5	36	164	43	31	70	22	15	0	9	57	60	3	71	17	9	8	19	12	9	8	12	4	11	4	13	29	15	2	50	41	603	57	268	1984	2348	216	2205	41	448	31	449	5810	9282	2232	3467	78	35	26	192	29	15	12	34	15	8	25	23	73	29	21	101	64	32	45	102	37	25	21	136	43	24	24	295	182	54	57	88	35	31	67	29	10	18	29	46	15	18	102	53	42	23	33	59
911	349	79	457	1084	451	188	877	347	131	27	129	1233	1120	95	1058	398	230	136	435	255	256	253	338	110	139	83	255	358	462	142	885	732	9101	363	3349	32329	43860	4747	29827	475	5642	256	4465	65429	133382	27440	43249	2194	501	748	5240	458	591	329	1159	285	179	239	710	1799	1114	645	8093	952	312	702	1563	870	539	414	3794	316	200	282	5595	4199	1419	1669	3543	616	408	602	645	197	361	380	755	143	184	674	1219	803	630	575	2199
840	408	47	486	1993	752	280	2084	371	167	16	191	884	1552	66	1996	245	196	70	612	128	303	117	699	63	211	39	324	298	652	77	1788	467	13022	230	7665	43362	48098	5960	52352	263	8852	207	13392	176558	245413	42201	104462	4598	1127	1039	7067	494	853	290	2921	943	347	476	1520	1572	1436	575	15203	807	319	526	1312	966	513	369	3970	193	126	206	2091	3233	1537	1089	4929	1255	344	555	813	238	514	678	1715	245	201	539	1251	1319	1250	1035	4120
812	384	66	392	1567	522	183	816	455	265	61	233	1080	1201	92	1032	783	471	96	634	328	330	147	383	272	259	83	352	536	625	104	931	955	4983	270	2454	15678	19390	1962	14703	768	3291	236	3654	48585	96757	15058	27353	1711	523	618	4053	370	394	290	777	310	150	357	582	1120	566	376	4951	1020	367	687	1521	823	453	546	2652	400	197	390	5480	3230	908	1033	2201	583	273	584	652	188	204	439	452	140	94	608	838	644	435	609	1424
162	86	16	125	432	107	54	291	73	43	8	38	251	310	23	334	94	64	35	102	51	44	58	73	18	54	23	66	72	107	28	216	207	2947	125	1145	8795	10527	1225	9069	131	1817	114	2174	27910	50246	10784	16155	503	142	169	1588	100	179	85	336	90	64	80	207	416	245	111	1703	252	89	189	379	289	186	165	1343	111	78	111	1880	990	382	349	873	175	122	160	265	64	115	127	653	43	48	182	475	200	155	119	562
200	84	21	108	274	119	36	200	94	43	7	51	248	228	18	224	137	60	39	125	53	53	34	85	32	53	17	87	128	118	33	241	268	1483	263	864	5131	6508	777	5311	170	1024	160	1142	13758	24838	5008	9102	446	138	156	928	102	113	75	264	87	50	91	162	294	198	121	1414	314	106	165	447	167	132	104	650	116	100	73	1020	676	273	213	558	145	71	158	179	49	92	140	278	36	46	160	270	242	164	173	505
60	42	6	43	87	34	9	62	20	17	2	26	107	94	4	88	62	41	15	85	44	41	18	68	17	44	9	46	162	75	11	278	102	860	182	362	2349	3414	462	2675	81	616	127	519	6642	12819	2394	4587	130	44	60	303	45	71	34	89	26	20	24	40	144	53	29	350	116	41	84	177	70	61	46	201	65	49	58	462	258	124	87	210	156	37	91	65	30	38	84	80	20	23	128	92	232	51	80	211
205	135	26	198	285	150	44	330	100	59	10	61	291	339	28	319	111	56	51	129	71	70	38	106	39	64	27	81	112	152	34	266	228	3294	116	1220	8763	10702	1229	9726	136	2112	104	1804	23789	42915	8515	14598	578	180	216	1311	141	239	156	616	119	72	113	201	473	244	180	1298	394	129	223	501	285	428	254	1779	175	132	142	1240	942	425	311	737	188	172	280	659	80	243	239	3149	59	84	350	1091	218	217	194	1272
29	38	5	39	771	100	113	323	43	35	7	41	75	53	8	142	34	22	5	21	16	11	5	21	19	12	4	15	57	26	7	116	58	45	87	37	80	82	52	75	62	53	94	53	160	170	67	160	30	13	18	29	16	8	17	15	8	6	12	8	26	20	7	23	46	17	25	44	24	15	16	19	23	23	17	55	36	16	26	35	12	3	12	7	4	3	12	17	3	4	15	5	8	8	17	22
77	50	4	62	237	75	39	191	38	25	5	30	164	196	15	195	51	49	19	69	38	42	30	63	17	31	14	35	62	82	24	156	114	1299	88	676	3797	4765	660	4392	82	912	65	709	8117	15228	3353	6584	264	74	101	669	69	68	53	124	63	38	48	92	293	150	91	785	198	65	133	253	129	91	59	481	78	47	49	644	469	175	168	358	83	44	83	108	32	82	59	119	29	36	100	177	146	107	82	327
141	87	13	102	1896	312	198	871	102	50	12	66	236	238	37	276	91	46	24	83	54	50	33	63	24	34	11	37	55	73	17	111	181	1285	151	667	4060	4869	586	4237	113	849	108	953	12054	21862	4305	7165	252	98	111	623	83	65	54	126	49	55	53	92	247	130	76	645	224	88	164	310	130	82	84	427	116	52	120	947	595	177	282	329	105	44	110	126	36	40	79	122	29	21	134	167	105	74	94	228
105	61	15	61	144	58	24	81	44	31	10	33	134	145	13	136	41	27	20	40	27	31	18	42	16	21	12	22	63	73	23	112	132	766	128	432	2524	3153	408	2433	89	491	104	594	6601	12896	2569	4211	213	84	108	441	52	52	59	110	73	28	74	78	178	59	43	403	173	50	110	218	130	62	74	281	77	41	67	814	313	127	115	252	53	32	123	74	23	24	69	62	15	19	171	92	36	33	73	135
99	66	5	58	173	71	26	155	59	47	10	49	106	68	14	145	75	48	12	68	41	36	11	58	30	36	5	43	82	60	6	133	175	103	318	155	150	174	203	191	85	104	221	147	198	190	122	224	50	35	47	94	27	36	33	37	20	11	20	19	166	29	19	69	159	70	106	125	79	62	69	77	99	53	66	83	80	127	40	108	37	14	37	53	35	15	45	61	13	11	46	32	40	28	48	121
23	15	4	13	95	19	16	49	29	17	2	23	33	21	2	43	12	6	2	8	8	4	3	10	5	9	1	2	21	15	3	29	36	29	66	33	59	68	47	56	18	28	63	30	132	192	54	124	17	12	19	19	9	8	9	9	7	5	6	12	12	6	8	16	24	7	21	23	4	11	8	16	21	11	9	62	23	7	11	27	1	1	10	6	3	4	9	8	2	2	24	9	8	2	9	12
54	40	8	45	115	52	18	92	21	13	6	17	114	123	7	128	34	29	14	45	13	22	20	25	10	20	9	23	47	63	18	108	75	946	84	437	2650	3097	380	2732	62	530	45	665	8527	15874	2906	5215	183	69	76	541	52	44	33	110	37	24	40	66	160	85	42	628	121	51	70	239	90	58	33	418	59	25	28	748	474	137	116	285	61	39	82	63	16	25	29	53	21	19	87	159	87	55	50	160
121	87	18	74	645	134	87	315	92	61	11	52	158	135	14	196	63	69	13	113	40	26	19	69	30	73	7	51	155	111	20	281	189	881	165	500	3166	4300	502	3640	91	591	167	834	9734	18348	3279	5894	157	77	101	350	67	49	74	100	49	33	46	63	163	55	43	248	155	61	115	185	98	109	60	271	100	62	70	778	355	154	124	248	69	33	93	51	34	32	69	88	26	22	130	101	79	33	57	132
218	113	21	153	572	178	76	333	114	59	8	56	367	409	30	350	116	77	35	131	75	90	57	117	29	41	18	79	86	159	36	262	281	3272	154	1535	9451	12097	1471	10032	173	2115	118	1962	24331	45111	10149	16906	546	151	189	1481	130	178	90	342	108	58	86	241	518	324	176	1867	331	123	220	487	242	150	120	1128	87	63	109	2480	1027	375	421	830	155	112	168	195	60	110	121	227	53	50	244	391	254	202	169	699
696	366	69	475	986	483	166	887	248	171	30	171	893	1133	72	1007	294	200	124	500	220	254	194	488	102	336	71	331	314	608	116	1175	673	10279	418	4185	25641	35914	4003	29632	415	6773	306	5333	60506	122733	22834	46004	1934	527	701	4352	399	558	361	896	330	199	316	598	1222	821	487	5201	900	318	623	1437	661	377	396	2700	320	191	287	3888	2369	907	850	2023	486	342	568	598	180	288	638	769	110	144	639	1026	780	686	664	2069
284	235	28	217	365	206	41	269	171	124	22	178	231	195	20	366	163	137	33	192	107	93	20	157	93	98	12	125	290	208	20	483	272	115	250	200	159	157	168	254	141	131	212	171	370	197	113	330	123	75	107	159	80	110	99	202	68	39	66	108	129	78	68	216	240	99	127	234	96	174	91	142	128	100	84	133	168	180	86	195	64	22	70	47	41	41	58	101	28	21	65	54	65	49	79	144
240	149	22	242	621	600	152	1569	125	97	22	190	376	427	38	736	203	92	39	188	61	74	54	93	64	100	25	93	99	126	39	238	1982	2939	1987	1970	9673	12191	2837	10023	2046	2877	2202	3027	24376	42534	9888	16445	719	271	239	2056	149	185	139	272	152	114	159	264	708	272	202	1549	834	273	704	748	647	334	735	1330	709	261	488	1652	1470	623	792	1259	188	98	181	290	70	129	176	296	61	64	199	411	220	164	165	570
25	23	6	19	49	23	2	28	21	7	2	9	39	34	1	30	20	9	6	27	19	10	6	19	7	9	1	7	38	31	4	77	37	171	59	110	529	775	127	580	45	144	55	120	1434	2761	519	996	51	15	25	108	18	14	12	27	17	8	11	21	51	25	29	128	60	14	46	67	27	15	19	61	22	11	24	208	89	38	34	66	21	13	47	19	12	14	19	26	7	6	54	18	18	14	50	53
141	83	26	117	257	115	52	198	64	36	2	31	244	282	34	256	57	43	32	79	43	52	48	57	25	33	22	43	54	97	30	157	193	2226	165	1102	6359	7873	941	6618	129	1369	144	1453	18029	33952	6968	11300	382	111	130	1067	101	107	80	222	86	44	88	137	408	213	116	1023	255	100	160	389	225	151	116	669	106	64	114	1679	923	338	329	583	131	78	143	184	50	76	73	152	30	24	158	224	170	108	89	334
315	216	30	221	302	185	35	261	153	112	25	125	222	168	20	264	234	138	27	158	91	105	24	115	96	83	19	87	172	142	15	253	296	200	330	346	545	531	218	845	222	198	242	308	1267	1338	525	1201	183	126	112	235	116	110	113	178	75	64	65	113	165	84	77	206	239	100	117	236	121	153	118	182	144	89	72	341	204	184	94	231	69	26	132	88	42	38	113	146	38	21	127	87	61	43	101	172
141	110	12	100	555	97	66	239	148	63	11	98	219	152	24	334	80	75	7	82	30	51	13	43	29	38	10	41	74	64	9	143	148	63	169	96	145	188	133	162	93	76	154	100	248	265	151	210	104	41	42	89	48	39	47	71	24	35	20	36	114	38	41	122	135	63	85	149	78	66	47	101	104	70	56	221	110	96	41	135	107	33	130	47	35	16	54	57	25	14	111	20	83	22	53	85
112	50	7	74	212	79	34	156	64	39	8	36	185	208	25	184	59	43	51	60	42	35	55	69	30	37	33	45	54	88	37	155	151	2021	180	910	5350	6989	793	5672	95	1416	126	1135	13865	26297	5445	9541	308	112	168	873	71	66	58	131	60	28	60	137	276	154	93	755	250	89	149	405	121	88	74	434	104	69	84	1033	595	193	206	349	123	71	138	114	50	74	92	112	31	30	255	217	134	109	118	296
121	81	14	101	211	88	33	159	57	34	5	39	182	190	19	179	89	55	32	88	54	52	38	77	37	45	15	58	97	101	24	186	198	2179	251	946	6545	8497	927	6848	133	1451	203	1555	19657	34721	7423	11594	335	106	138	766	75	108	84	152	79	39	73	88	250	142	77	601	281	88	174	360	178	106	87	565	113	83	95	1426	669	254	265	379	122	79	164	94	49	56	94	127	46	35	263	206	119	96	120	240
234	136	22	156	421	134	58	230	343	96	25	201	321	203	20	444	101	49	14	100	59	54	13	86	39	33	6	53	227	136	20	362	223	126	296	160	218	250	180	208	190	139	261	137	330	271	143	323	81	77	70	117	50	69	57	125	51	37	29	72	131	57	37	159	205	68	99	174	81	82	55	101	118	61	84	99	119	124	60	124	44	22	49	61	25	34	43	90	17	6	32	53	68	36	62	117
187	110	18	123	977	172	92	482	102	35	3	58	260	270	19	264	57	32	40	98	51	37	23	84	27	29	15	50	90	77	20	215	163	1611	110	1077	5398	6107	572	5663	122	1030	69	1481	17594	31017	6030	11033	542	148	229	1345	96	112	109	305	102	51	108	192	334	170	119	1589	311	102	179	533	199	110	102	758	102	60	72	1602	708	236	262	488	168	71	316	159	50	58	217	152	61	27	397	299	179	111	191	356
73	42	9	41	60	49	6	84	54	31	6	52	103	66	5	111	47	37	13	65	47	27	11	60	24	18	6	29	164	80	11	257	112	69	124	79	137	127	79	147	82	65	96	83	357	205	70	301	40	25	34	63	22	28	27	44	8	20	15	16	82	23	21	51	98	37	47	74	46	63	35	70	44	39	36	92	43	56	27	63	27	10	31	27	29	19	33	72	14	9	35	34	32	29	40	74
193	81	13	116	221	112	40	242	68	34	8	25	274	317	26	273	70	34	18	84	44	60	44	103	18	28	16	54	68	106	30	198	170	3216	104	1653	11353	13080	1357	12251	102	1941	85	2931	39783	63009	11985	22680	558	191	244	1779	118	165	106	391	102	54	93	227	414	263	131	2024	244	90	156	495	223	126	116	1109	111	59	91	1652	891	342	257	761	184	110	248	173	57	87	176	197	40	51	268	441	162	144	180	482
114	75	11	72	215	85	30	97	70	41	9	35	156	147	12	147	34	39	19	53	20	23	12	32	20	26	8	27	37	63	17	88	129	908	129	484	2864	3876	395	2944	83	588	105	585	7520	14765	2568	4715	216	74	91	419	74	45	65	80	50	31	82	52	146	64	66	253	186	46	85	203	136	60	84	275	64	33	49	565	373	123	166	257	62	23	96	72	14	24	58	73	21	21	110	75	51	39	41	97
504	241	44	443	753	425	133	1067	170	101	21	139	1040	1229	97	1253	229	172	84	381	236	252	161	432	79	160	69	211	222	439	90	781	604	8372	360	4281	27645	32531	3903	29831	349	5203	260	5781	69528	111598	27423	48595	1700	472	518	4291	426	835	315	1493	335	204	238	804	1641	1485	653	8512	895	261	527	1280	841	405	394	3138	331	139	273	4658	3019	1194	1137	2986	598	385	442	697	329	501	441	1008	210	175	454	1022	864	793	590	2260
69	54	10	40	83	47	13	51	37	24	7	32	84	43	9	97	85	55	24	123	56	44	8	56	34	71	13	39	171	108	18	294	106	57	167	77	89	85	103	91	65	63	138	58	119	93	108	126	53	31	40	65	25	24	30	57	12	15	16	23	65	16	16	74	123	39	64	126	53	66	50	63	68	44	41	75	96	73	56	110	48	10	52	42	29	21	58	62	17	18	66	33	60	20	41	111
172	67	16	111	239	100	26	125	64	43	6	41	227	315	19	218	70	49	21	90	39	57	40	77	28	55	10	48	81	128	18	170	211	2520	187	1321	8183	10964	1150	9076	127	1671	153	1865	22710	40872	7635	15235	456	140	214	1198	109	120	89	177	104	54	123	154	328	179	123	1058	346	96	187	514	216	130	152	760	126	77	111	1715	776	272	279	619	157	93	335	189	43	62	192	126	48	46	535	235	147	117	146	334
80	47	5	43	194	51	33	112	74	29	8	55	117	58	17	163	43	30	7	48	27	18	8	26	19	19	5	19	51	32	6	90	148	79	144	111	146	181	126	140	82	69	149	83	207	199	89	246	26	29	25	42	16	24	19	20	2	15	13	21	67	17	11	40	70	19	36	68	31	29	26	35	34	23	28	48	50	37	19	41	21	8	37	22	13	10	10	30	5	4	23	12	16	8	25	40
145	108	15	114	1091	232	125	576	139	80	9	110	220	123	25	387	133	73	16	121	51	81	25	93	53	73	5	72	117	98	19	205	220	146	245	187	257	271	187	244	172	147	235	163	319	333	145	317	95	74	61	135	45	137	71	265	38	40	57	95	124	67	37	196	192	98	141	240	107	342	234	599	138	157	110	215	145	199	113	230	58	74	66	518	56	270	168	2900	32	80	71	736	78	118	102	1110
41	40	2	28	234	59	36	114	26	22	14	17	72	51	4	82	21	18	14	29	14	13	10	20	17	6	5	9	45	29	4	65	65	407	70	136	1064	1223	165	1020	47	259	61	244	3243	4677	1334	1711	86	32	37	161	23	26	12	36	22	14	16	38	80	43	9	190	79	27	39	69	42	39	41	138	48	33	31	153	126	80	65	119	28	15	32	46	11	16	29	101	9	8	43	47	24	17	27	81
187	132	29	156	349	138	54	217	98	66	21	83	210	246	36	235	81	57	30	110	50	50	44	81	27	38	8	51	87	93	24	183	224	1132	229	817	3953	4505	668	4270	133	771	145	1017	11672	20268	4059	7672	289	133	154	746	121	115	121	215	95	57	129	173	283	133	134	807	290	116	183	391	196	143	132	557	130	83	137	1239	569	230	224	428	114	58	159	148	52	60	131	194	29	22	184	175	112	87	143	309
89	53	11	57	130	49	18	83	32	23	6	17	141	126	11	112	49	34	16	52	33	31	30	42	14	19	5	29	48	76	15	122	129	1294	164	670	4192	4964	585	4245	65	855	144	887	11870	21428	4048	7051	221	81	94	445	64	34	50	93	48	22	72	63	213	77	65	352	210	59	118	240	117	95	72	325	83	53	65	837	542	168	149	284	74	41	253	78	31	20	86	63	31	22	371	125	69	58	95	152
232	196	25	149	427	146	41	261	213	87	16	135	351	324	20	437	139	78	36	117	64	55	32	105	49	47	22	74	107	122	17	279	208	2120	187	917	5745	7001	933	6161	129	1439	195	1502	16515	31069	6781	11007	443	166	191	1220	108	159	88	280	90	57	59	177	351	203	121	1522	293	97	188	377	211	115	117	856	126	80	82	1380	698	285	293	633	164	69	132	122	39	63	100	133	30	34	128	272	161	104	145	340
156	90	24	116	415	112	57	247	52	42	7	45	212	223	19	265	68	46	18	75	45	49	43	51	16	39	20	37	71	92	24	147	176	2570	138	1167	6669	7798	831	7000	96	1676	115	1697	21269	36383	7351	12610	488	141	184	1113	78	110	70	212	105	50	80	135	314	170	77	1049	239	85	140	360	218	95	107	749	88	54	63	1073	743	267	237	505	143	68	121	107	44	42	55	109	29	25	134	231	128	87	101	218
770	340	56	472	1045	838	259	2993	311	145	25	145	1039	1937	102	2091	226	144	65	345	169	398	140	779	69	172	43	241	255	813	75	1241	491	11285	261	5402	40388	46455	6164	48271	247	6911	205	10577	145758	199894	44857	82872	1918	603	586	5777	586	1100	399	2504	418	264	206	1049	1830	2148	952	15861	603	220	410	954	947	746	571	4707	213	102	154	2724	3242	2056	1561	7153	689	438	387	626	194	592	466	1467	173	196	405	1430	1053	1325	772	3995
294	94	23	136	2468	385	338	1205	145	48	11	64	254	211	25	293	59	39	18	82	56	39	15	83	19	27	11	40	89	84	9	170	173	1164	131	676	4055	5651	518	4833	111	823	107	862	9687	18142	3571	7289	391	79	130	598	97	86	88	145	84	33	62	93	235	120	79	768	196	69	131	262	129	68	96	514	83	62	81	646	454	194	191	537	105	54	161	80	31	53	144	136	29	20	212	121	109	120	129	316
190	147	20	147	323	151	69	289	101	49	8	59	391	434	34	406	160	116	44	207	95	99	59	154	47	87	31	100	174	213	36	449	291	2800	216	1533	9057	11827	1449	9786	158	1808	194	1959	23966	43559	8941	16850	609	189	173	1305	128	215	102	316	99	72	92	192	577	358	189	1863	384	192	233	570	362	273	229	1138	197	151	136	1609	1479	583	575	1192	319	155	170	269	113	206	183	360	85	68	240	382	414	277	257	786
91	50	9	64	128	35	30	127	30	18	7	35	124	151	14	119	63	23	13	53	25	23	29	37	7	27	7	27	40	40	14	91	132	1199	109	629	3519	4133	588	4035	72	875	94	892	9540	15144	4009	6712	200	84	96	573	50	73	43	95	58	34	49	70	177	120	60	471	139	37	77	152	113	73	52	369	37	30	39	408	397	141	131	287	43	35	55	63	24	42	21	61	13	21	72	117	75	50	58	164
175	104	20	111	781	184	85	354	147	55	15	102	231	229	31	293	94	64	42	108	89	62	47	88	40	42	12	60	155	96	21	283	269	1088	254	561	2769	3404	579	2910	201	834	192	729	6477	11999	2979	4588	238	97	119	588	85	100	68	120	60	37	63	96	258	95	59	411	262	109	145	276	150	116	95	381	120	66	77	795	429	201	168	313	89	72	76	85	29	48	64	87	37	30	74	146	99	67	91	189
17	12	0	9	21	6	0	6	13	6	2	3	9	12	5	12	11	8	1	5	6	5	1	9	5	3	2	4	13	12	2	14	30	39	84	36	139	177	54	114	23	51	55	58	277	716	93	231	13	11	13	29	6	7	10	9	6	2	6	6	9	10	6	16	43	6	19	33	18	7	19	16	14	9	10	43	27	7	10	21	6	1	11	8	2	1	8	9	3	2	13	3	13	5	8	16
91	42	10	90	304	92	53	196	43	23	8	28	163	170	13	168	45	42	14	64	39	36	18	38	7	21	12	38	61	68	12	153	136	1247	140	604	3323	4106	596	3522	93	753	98	808	8804	15016	3410	5833	248	75	105	647	53	69	39	162	53	24	48	79	229	133	48	710	152	66	108	214	120	82	61	455	69	41	48	586	408	131	145	316	76	46	79	81	32	46	54	131	27	20	106	185	93	83	71	237
94	45	5	60	221	68	37	125	45	25	3	25	121	130	13	134	47	33	14	62	35	34	23	52	19	13	11	25	61	57	14	140	126	1029	130	513	3389	4584	513	3796	75	672	90	649	8148	15758	3161	5729	214	47	71	493	63	80	57	155	44	30	43	89	192	114	82	725	178	42	88	254	109	55	57	394	58	40	62	1000	454	121	120	333	57	49	83	99	42	41	91	122	26	20	137	142	105	80	69	264
489	223	45	319	591	374	103	995	167	86	18	108	681	960	80	1137	214	156	72	359	155	226	132	393	74	169	59	191	232	400	65	940	513	5875	224	3387	21612	27793	2984	25227	298	3766	212	4638	51289	83252	21944	41739	1338	429	353	4636	365	924	265	2251	221	203	149	1011	1635	1520	635	12542	561	197	464	1170	835	394	379	3782	228	139	204	5416	3590	1533	1305	4929	634	367	413	715	221	550	443	1773	135	181	457	1383	1313	1173	750	4271
128	66	15	80	187	61	28	127	59	37	6	34	147	169	9	143	66	54	28	83	40	50	32	67	29	38	16	46	71	95	22	164	164	1417	133	574	3995	5564	575	4392	135	955	116	975	11905	24629	4369	7064	296	92	150	670	87	58	69	110	82	40	89	92	217	92	95	493	296	112	143	294	165	105	77	443	141	76	96	1067	622	208	266	344	102	56	237	127	33	48	170	112	38	20	295	150	111	78	113	250
48	40	5	38	106	47	15	80	27	19	6	35	50	36	7	74	56	61	13	76	49	37	11	54	20	40	3	33	148	88	4	229	95	57	191	64	93	85	116	97	73	65	142	65	218	131	85	205	30	25	25	36	16	21	22	26	11	8	20	16	48	24	11	26	92	37	47	81	53	59	39	62	45	58	48	57	78	94	50	99	31	8	24	31	12	8	22	26	12	7	31	46	25	12	23	38
488	167	28	171	597	214	74	463	243	81	26	89	447	424	31	421	183	119	70	219	155	219	74	394	69	148	49	149	312	403	54	841	349	4066	266	2217	15315	23057	2305	20035	264	2999	209	2565	22635	46314	11131	25759	814	230	453	2193	220	255	209	469	156	67	150	204	556	316	217	2016	630	171	397	847	369	235	172	1366	196	100	154	1965	1001	457	446	1102	281	178	703	315	106	226	678	738	98	93	1171	667	385	439	516	1254
86	64	12	55	281	91	51	170	48	40	9	40	94	55	10	128	43	44	13	67	42	34	6	49	34	31	4	27	100	74	5	144	128	68	211	106	118	129	106	130	113	79	174	89	331	203	121	318	66	33	41	80	32	47	36	52	19	17	21	27	96	33	15	61	147	61	74	128	80	95	63	148	85	70	59	102	95	110	57	127	37	14	41	57	21	29	46	190	14	14	35	64	18	19	33	133
91	71	6	80	108	67	26	138	47	30	4	37	97	111	17	134	69	30	9	75	35	51	20	46	28	30	7	37	41	55	17	109	114	1067	138	355	2577	3005	434	2603	86	642	108	649	7449	11278	3325	4412	190	63	75	410	52	80	44	104	42	39	45	62	172	72	54	379	108	60	95	149	94	84	61	367	68	51	65	355	295	144	98	210	77	53	71	71	28	46	48	81	27	22	70	116	120	35	50	143
156	98	11	86	254	111	37	225	83	49	5	31	147	129	17	212	59	43	17	67	61	98	33	175	21	52	13	40	69	184	10	235	174	1176	174	506	3644	5218	587	4392	98	803	207	880	10342	18545	3448	6859	217	73	108	473	86	122	53	176	71	36	45	81	181	143	85	802	135	60	100	195	135	119	81	393	102	105	74	393	369	197	145	406	74	41	148	126	48	109	223	306	35	22	223	163	234	252	235	802
362	252	42	275	634	277	81	425	223	159	27	190	398	342	40	510	255	189	56	234	139	136	44	164	85	114	23	120	241	252	38	412	387	1718	216	649	3785	4281	660	3550	275	1217	192	839	9776	16955	3678	5746	328	182	178	647	142	179	147	254	93	85	102	152	371	204	110	588	342	160	195	397	188	219	145	398	232	168	167	695	470	313	205	427	149	91	135	139	70	72	113	162	55	55	181	186	170	127	155	356
112	76	16	84	985	149	121	421	76	41	9	56	180	156	27	255	60	36	19	53	39	35	19	65	23	26	13	30	122	73	14	193	139	571	99	311	1453	1716	288	1558	89	376	81	360	3733	6463	1591	2842	174	53	79	379	43	44	56	78	43	20	35	69	141	87	52	359	140	42	104	179	94	71	55	272	64	42	35	500	239	95	120	222	57	24	66	73	22	24	46	99	22	15	75	104	56	37	52	136
226	120	27	146	353	147	44	206	93	53	7	59	332	430	39	358	114	68	56	144	95	70	100	90	49	60	32	94	112	167	49	270	316	4258	196	2129	13035	16198	1689	13714	201	2750	139	3346	42945	76264	14442	24185	766	224	310	1873	157	187	123	356	167	66	150	238	483	283	139	1611	463	171	304	666	342	155	157	1300	156	100	161	3034	1322	466	488	833	216	121	244	219	83	90	144	257	51	48	327	413	221	151	185	475
78	58	11	51	169	74	29	108	37	32	10	30	107	120	17	152	51	39	24	90	21	26	17	43	18	42	14	37	57	52	17	146	95	1593	108	824	5213	5089	612	4998	74	1069	153	1509	19257	25334	7174	9725	202	96	91	580	52	76	47	133	60	27	58	102	156	108	59	698	197	79	104	253	110	73	64	505	113	106	66	841	397	202	111	305	106	70	169	99	46	36	87	84	24	37	282	239	98	65	80	226
115	78	6	82	290	96	49	170	53	36	6	32	164	201	23	205	85	58	26	110	48	42	35	94	24	52	15	58	96	123	19	229	160	1698	155	866	5090	6314	850	5466	114	1192	126	1152	12232	22716	5534	9134	292	86	128	710	70	91	68	154	76	42	52	103	252	130	77	661	239	87	167	315	182	101	59	501	86	76	95	1107	457	225	216	404	96	67	146	117	58	61	83	176	27	43	190	242	114	88	110	273
316	144	25	216	534	230	78	537	110	76	13	78	349	522	33	490	109	89	35	176	105	142	58	220	40	79	24	128	196	250	58	563	269	4820	146	2608	14875	16984	1879	17453	158	3263	136	4624	55163	78436	15186	32570	853	299	385	2104	240	313	213	717	180	96	134	313	612	468	267	3037	509	168	303	694	341	224	172	1393	166	81	133	1562	995	424	330	1211	271	166	419	318	120	242	447	724	68	89	475	620	381	398	382	1164
172	96	28	97	489	123	77	283	57	37	8	43	229	262	25	262	83	58	29	109	57	55	50	84	21	41	20	48	73	119	28	211	189	2608	107	957	6687	8161	1020	6358	98	1734	92	1413	17725	34080	7157	10922	419	131	164	992	97	154	96	198	88	69	106	188	394	194	156	1158	262	86	190	425	212	121	119	741	132	69	114	1851	803	299	276	600	161	105	210	180	54	80	148	219	48	55	260	272	171	126	161	459
50	24	6	27	175	52	32	96	27	19	1	23	62	64	9	66	18	17	6	22	13	10	6	21	4	14	2	14	26	27	3	66	51	206	88	110	659	934	173	736	40	136	68	181	2138	4052	843	1447	89	28	42	283	23	34	27	87	18	15	15	55	77	45	36	514	50	20	33	80	31	21	17	131	32	24	20	189	141	61	50	188	47	19	33	36	13	18	29	37	5	7	27	47	33	33	39	80
89	51	5	53	191	72	18	105	34	38	9	22	81	89	7	114	34	31	15	53	33	61	27	75	20	46	14	38	51	101	21	133	111	1102	116	323	2280	3096	386	2351	87	716	119	472	4596	10174	2174	3535	162	81	92	265	46	24	45	50	44	17	54	45	112	33	44	124	194	77	92	206	77	70	53	185	107	64	71	551	252	137	109	191	64	71	184	74	28	50	108	124	49	33	364	142	92	75	86	207
176	139	14	145	353	123	50	180	88	26	9	35	275	367	28	245	70	53	56	92	57	58	59	67	25	37	33	43	51	109	45	167	262	4498	185	2310	14942	17388	1724	15122	179	2875	187	3843	45144	77659	16009	27351	636	187	256	1711	105	89	78	158	114	56	116	164	394	185	101	955	392	133	291	587	279	161	146	1141	153	79	138	3395	1391	390	522	742	189	118	270	179	64	75	110	127	44	47	342	359	129	100	112	282
99	66	14	43	172	70	21	97	41	58	7	38	83	93	16	132	186	76	23	85	42	42	11	39	94	54	12	55	108	80	9	139	106	46	177	48	88	113	97	70	115	74	177	69	152	121	98	131	108	50	48	95	32	34	36	43	27	24	16	19	119	28	23	57	166	72	66	137	73	77	49	73	114	104	65	139	138	144	49	165	72	36	16	36	21	17	26	34	11	21	18	12	42	25	21	69
33	37	7	26	207	38	23	100	23	16	2	22	35	41	6	82	28	20	4	29	17	10	10	14	14	10	2	12	45	35	5	81	66	121	106	77	300	417	84	347	42	104	93	105	861	1333	361	547	31	22	21	44	17	12	18	29	19	14	25	7	43	14	15	36	77	25	39	52	25	36	27	67	34	23	22	115	52	41	16	49	17	15	42	20	5	10	23	83	12	7	43	34	23	11	15	49
521	296	69	392	645	281	115	498	154	102	38	77	722	942	73	803	245	155	114	261	175	163	201	203	59	107	66	174	200	337	88	563	668	5183	318	2564	17948	23994	2963	17330	401	3001	261	3425	45619	90628	19752	31634	1622	414	561	4689	437	424	292	1216	277	137	232	813	1382	812	520	7913	913	304	671	1727	882	472	484	3948	360	192	372	10469	3771	1252	1594	3366	543	186	349	544	151	182	262	495	104	89	335	889	596	378	409	1446
112	55	13	74	157	82	31	153	62	38	7	40	191	224	16	215	53	34	32	63	45	42	33	55	18	35	23	41	52	82	29	136	144	1609	193	762	4583	5740	761	5077	76	1066	161	1054	11331	18809	4761	8219	328	107	107	869	87	98	43	192	66	30	56	120	291	174	88	881	180	58	117	280	164	122	75	698	73	37	59	626	608	214	229	454	105	76	75	114	45	60	54	104	20	27	83	207	104	101	90	292
75	60	13	69	178	71	29	107	54	24	8	41	98	84	4	79	50	37	12	58	26	18	23	38	19	23	5	36	74	65	16	146	110	766	183	331	2239	2672	329	2153	80	596	160	575	8092	14292	2559	3966	121	45	79	265	40	31	37	72	37	27	51	55	85	62	29	220	150	51	89	213	76	64	46	200	90	61	64	623	241	130	85	205	67	48	162	51	21	25	89	56	24	29	340	77	48	33	80	91
47	51	11	38	194	53	21	89	33	13	6	20	134	91	7	149	40	25	10	41	22	18	12	31	16	19	6	13	90	50	9	142	108	572	92	339	2039	2522	275	1963	60	411	76	430	5541	10024	2020	3442	144	58	55	304	44	40	32	64	39	27	35	55	116	45	48	330	154	46	75	170	107	51	44	237	63	29	51	642	296	113	103	209	58	19	103	48	24	14	44	32	26	14	109	67	55	27	49	93
106	73	12	81	307	84	44	201	49	31	8	31	160	212	14	190	63	45	19	77	42	41	36	63	19	31	12	34	67	86	25	151	154	1938	137	899	5691	6975	865	5945	98	1333	116	1504	16203	26846	6457	10677	368	131	138	931	80	102	63	180	74	31	58	116	219	158	69	889	225	61	137	297	204	117	98	692	97	56	58	831	706	256	282	462	109	77	117	136	37	40	60	156	23	27	143	222	102	73	95	268
49	44	5	35	391	82	50	212	37	16	5	21	78	107	12	110	20	15	10	35	13	23	15	25	8	12	5	15	27	36	4	51	69	393	161	221	1214	1455	254	1324	49	288	89	290	3196	5017	1310	2235	87	39	62	236	29	32	23	44	27	15	20	33	105	50	44	250	104	37	45	114	72	56	51	176	28	26	34	241	197	80	80	139	29	13	35	38	13	8	27	49	12	8	43	51	36	22	24	94
267	165	36	230	383	224	68	510	120	59	13	78	462	546	53	652	135	93	45	160	89	119	92	195	47	72	28	112	132	225	58	428	360	5899	222	2769	19951	22830	2948	22230	232	3892	132	5485	68425	98326	24164	36940	854	253	263	2367	230	385	165	647	180	104	135	352	820	612	286	3392	419	148	307	649	435	268	290	1824	188	109	161	2314	1562	647	680	1555	247	208	189	288	116	190	183	443	77	75	197	578	356	307	218	912
115	76	16	67	209	83	27	165	36	30	6	25	156	199	13	226	74	51	22	85	36	49	53	65	27	56	21	46	86	106	27	193	137	1755	162	650	5125	6650	839	5334	114	1161	140	1119	14486	28151	5743	8936	354	101	126	1044	77	95	84	236	64	48	67	168	264	176	107	1440	241	71	157	325	168	102	102	588	101	58	65	1275	641	290	221	508	142	63	231	129	36	45	174	210	49	37	453	248	153	106	146	353
78	42	8	61	207	79	30	109	36	21	3	22	131	166	11	119	54	35	27	84	35	41	22	52	12	31	12	39	106	87	22	170	117	1236	103	569	3238	3854	484	3373	79	890	75	754	9148	14856	3831	5871	173	71	83	475	52	73	49	135	58	23	30	69	188	118	60	534	154	56	91	235	120	73	68	402	62	42	65	773	471	155	143	321	76	61	97	76	31	55	55	115	19	30	95	155	87	75	84	224
55	55	7	47	128	51	11	86	36	36	6	34	61	56	9	87	42	35	7	42	22	15	3	27	23	32	5	20	46	38	8	87	84	74	219	63	158	137	165	152	71	79	221	87	265	361	181	236	55	43	30	75	21	24	29	32	17	16	16	20	71	25	21	53	113	56	64	106	45	53	42	62	91	73	44	243	68	95	31	99	38	12	109	24	18	9	33	52	18	6	129	36	22	11	43	55
